,neuron_path,specials_path,options,compile_options,nodes,ppn,omp_num_threads,nrniv,hoc_name,stop_time,nthread,prof,modules,job_id,bench,macro,time
0,../nrn-7.2,../specials,"frozenset({'--with-multisend', '--enable-shared=no', '--enable-static=yes', '--with-paranrn', '--without-x', '--without-iv', '--with-mpi', '--without-nrnoc-x11'})","frozenset({('MPICC', 'mpicc'), ('CFLAGS', '""-O3 -fopenmp -DKPLUS -DKPLUS_GATHER_SCATTER -DKPLUS_SPAWN -DCLUSTER_USE_OMP""'), ('use_pthread', 'no'), ('CXXFLAGS', '""-O3 -fopenmp -DKPLUS -DKPLUS_GATHER_SCATTER -DKPLUS_SPAWN -DCLUSTER_USE_OMP""'), ('linux_nrnmech', 'no'), ('MPICXX', 'mpic++'), ('CXX', 'mpic++'), ('CC', 'mpicc')})",1,23.0,1.0,../specials/x86_64/special -mpi,../hoc/bench_main.hoc,250.0,16.0,,frozenset(),33820,False,False,59.09256
1,../nrn-7.2,../specials,"frozenset({'--with-multisend', '--enable-shared=no', '--enable-static=yes', '--with-paranrn', '--without-x', '--without-iv', '--with-mpi', '--without-nrnoc-x11'})","frozenset({('MPICC', 'mpicc'), ('CFLAGS', '""-O3 -fopenmp -DKPLUS -DKPLUS_GATHER_SCATTER -DKPLUS_SPAWN -DCLUSTER_USE_OMP""'), ('use_pthread', 'no'), ('CXXFLAGS', '""-O3 -fopenmp -DKPLUS -DKPLUS_GATHER_SCATTER -DKPLUS_SPAWN -DCLUSTER_USE_OMP""'), ('linux_nrnmech', 'no'), ('MPICXX', 'mpic++'), ('CXX', 'mpic++'), ('CC', 'mpicc')})",1,28.0,16.0,../specials/x86_64/special -mpi,../hoc/bench_main.hoc,250.0,16.0,,frozenset(),33819,False,False,60.03496
2,../nrn-7.2,../specials,"frozenset({'--with-multisend', '--enable-shared=no', '--enable-static=yes', '--with-paranrn', '--without-x', '--without-iv', '--with-mpi', '--without-nrnoc-x11'})","frozenset({('MPICC', 'mpicc'), ('CFLAGS', '""-O3 -fopenmp -DKPLUS -DKPLUS_GATHER_SCATTER -DKPLUS_SPAWN -DCLUSTER_USE_OMP""'), ('use_pthread', 'no'), ('CXXFLAGS', '""-O3 -fopenmp -DKPLUS -DKPLUS_GATHER_SCATTER -DKPLUS_SPAWN -DCLUSTER_USE_OMP""'), ('linux_nrnmech', 'no'), ('MPICXX', 'mpic++'), ('CXX', 'mpic++'), ('CC', 'mpicc')})",1,27.0,16.0,../specials/x86_64/special -mpi,../hoc/bench_main.hoc,250.0,16.0,,frozenset(),33818,False,False,56.03091
3,../nrn-7.2,../specials,"frozenset({'--with-multisend', '--enable-shared=no', '--enable-static=yes', '--with-paranrn', '--without-x', '--without-iv', '--with-mpi', '--without-nrnoc-x11'})","frozenset({('MPICC', 'mpicc'), ('CFLAGS', '""-O3 -fopenmp -DKPLUS -DKPLUS_GATHER_SCATTER -DKPLUS_SPAWN -DCLUSTER_USE_OMP""'), ('use_pthread', 'no'), ('CXXFLAGS', '""-O3 -fopenmp -DKPLUS -DKPLUS_GATHER_SCATTER -DKPLUS_SPAWN -DCLUSTER_USE_OMP""'), ('linux_nrnmech', 'no'), ('MPICXX', 'mpic++'), ('CXX', 'mpic++'), ('CC', 'mpicc')})",1,26.0,16.0,../specials/x86_64/special -mpi,../hoc/bench_main.hoc,250.0,16.0,,frozenset(),33817,False,False,55.25689
4,../nrn-7.2,../specials,"frozenset({'--with-multisend', '--enable-shared=no', '--enable-static=yes', '--with-paranrn', '--without-x', '--without-iv', '--with-mpi', '--without-nrnoc-x11'})","frozenset({('MPICC', 'mpicc'), ('CFLAGS', '""-O3 -fopenmp -DKPLUS -DKPLUS_GATHER_SCATTER -DKPLUS_SPAWN -DCLUSTER_USE_OMP""'), ('use_pthread', 'no'), ('CXXFLAGS', '""-O3 -fopenmp -DKPLUS -DKPLUS_GATHER_SCATTER -DKPLUS_SPAWN -DCLUSTER_USE_OMP""'), ('linux_nrnmech', 'no'), ('MPICXX', 'mpic++'), ('CXX', 'mpic++'), ('CC', 'mpicc')})",1,25.0,16.0,../specials/x86_64/special -mpi,../hoc/bench_main.hoc,250.0,16.0,,frozenset(),33816,False,False,57.58511
5,../nrn-7.2,../specials,"frozenset({'--with-multisend', '--enable-shared=no', '--enable-static=yes', '--with-paranrn', '--without-x', '--without-iv', '--with-mpi', '--without-nrnoc-x11'})","frozenset({('MPICC', 'mpicc'), ('CFLAGS', '""-O3 -fopenmp -DKPLUS -DKPLUS_GATHER_SCATTER -DKPLUS_SPAWN -DCLUSTER_USE_OMP""'), ('use_pthread', 'no'), ('CXXFLAGS', '""-O3 -fopenmp -DKPLUS -DKPLUS_GATHER_SCATTER -DKPLUS_SPAWN -DCLUSTER_USE_OMP""'), ('linux_nrnmech', 'no'), ('MPICXX', 'mpic++'), ('CXX', 'mpic++'), ('CC', 'mpicc')})",1,24.0,16.0,../specials/x86_64/special -mpi,../hoc/bench_main.hoc,250.0,16.0,,frozenset(),33815,False,False,55.6028
6,../nrn-7.2,../specials,"frozenset({'--with-multisend', '--enable-shared=no', '--enable-static=yes', '--with-paranrn', '--without-x', '--without-iv', '--with-mpi', '--without-nrnoc-x11'})","frozenset({('MPICC', 'mpicc'), ('CFLAGS', '""-O3 -fopenmp -DKPLUS -DKPLUS_GATHER_SCATTER -DKPLUS_SPAWN -DCLUSTER_USE_OMP""'), ('use_pthread', 'no'), ('CXXFLAGS', '""-O3 -fopenmp -DKPLUS -DKPLUS_GATHER_SCATTER -DKPLUS_SPAWN -DCLUSTER_USE_OMP""'), ('linux_nrnmech', 'no'), ('MPICXX', 'mpic++'), ('CXX', 'mpic++'), ('CC', 'mpicc')})",1,23.0,16.0,../specials/x86_64/special -mpi,../hoc/bench_main.hoc,250.0,16.0,,frozenset(),33814,False,False,65.68328
7,../nrn-7.2,../specials,"frozenset({'--with-multisend', '--enable-shared=no', '--enable-static=yes', '--with-paranrn', '--without-x', '--without-iv', '--with-mpi', '--without-nrnoc-x11'})","frozenset({('MPICC', 'mpicc'), ('CFLAGS', '""-O3 -fopenmp -DKPLUS -DKPLUS_GATHER_SCATTER -DKPLUS_SPAWN -DCLUSTER_USE_OMP""'), ('use_pthread', 'no'), ('CXXFLAGS', '""-O3 -fopenmp -DKPLUS -DKPLUS_GATHER_SCATTER -DKPLUS_SPAWN -DCLUSTER_USE_OMP""'), ('linux_nrnmech', 'no'), ('MPICXX', 'mpic++'), ('CXX', 'mpic++'), ('CC', 'mpicc')})",1,28.0,14.0,../specials/x86_64/special -mpi,../hoc/bench_main.hoc,250.0,16.0,,frozenset(),33813,False,False,53.97178
8,../nrn-7.2,../specials,"frozenset({'--with-multisend', '--enable-shared=no', '--enable-static=yes', '--with-paranrn', '--without-x', '--without-iv', '--with-mpi', '--without-nrnoc-x11'})","frozenset({('MPICC', 'mpicc'), ('CFLAGS', '""-O3 -fopenmp -DKPLUS -DKPLUS_GATHER_SCATTER -DKPLUS_SPAWN -DCLUSTER_USE_OMP""'), ('use_pthread', 'no'), ('CXXFLAGS', '""-O3 -fopenmp -DKPLUS -DKPLUS_GATHER_SCATTER -DKPLUS_SPAWN -DCLUSTER_USE_OMP""'), ('linux_nrnmech', 'no'), ('MPICXX', 'mpic++'), ('CXX', 'mpic++'), ('CC', 'mpicc')})",1,27.0,14.0,../specials/x86_64/special -mpi,../hoc/bench_main.hoc,250.0,16.0,,frozenset(),33812,False,False,57.71063
9,../nrn-7.2,../specials,"frozenset({'--with-multisend', '--enable-shared=no', '--enable-static=yes', '--with-paranrn', '--without-x', '--without-iv', '--with-mpi', '--without-nrnoc-x11'})","frozenset({('MPICC', 'mpicc'), ('CFLAGS', '""-O3 -fopenmp -DKPLUS -DKPLUS_GATHER_SCATTER -DKPLUS_SPAWN -DCLUSTER_USE_OMP""'), ('use_pthread', 'no'), ('CXXFLAGS', '""-O3 -fopenmp -DKPLUS -DKPLUS_GATHER_SCATTER -DKPLUS_SPAWN -DCLUSTER_USE_OMP""'), ('linux_nrnmech', 'no'), ('MPICXX', 'mpic++'), ('CXX', 'mpic++'), ('CC', 'mpicc')})",1,26.0,14.0,../specials/x86_64/special -mpi,../hoc/bench_main.hoc,250.0,16.0,,frozenset(),33811,False,False,51.63537
10,../nrn-7.2,../specials,"frozenset({'--with-multisend', '--enable-shared=no', '--enable-static=yes', '--with-paranrn', '--without-x', '--without-iv', '--with-mpi', '--without-nrnoc-x11'})","frozenset({('MPICC', 'mpicc'), ('CFLAGS', '""-O3 -fopenmp -DKPLUS -DKPLUS_GATHER_SCATTER -DKPLUS_SPAWN -DCLUSTER_USE_OMP""'), ('use_pthread', 'no'), ('CXXFLAGS', '""-O3 -fopenmp -DKPLUS -DKPLUS_GATHER_SCATTER -DKPLUS_SPAWN -DCLUSTER_USE_OMP""'), ('linux_nrnmech', 'no'), ('MPICXX', 'mpic++'), ('CXX', 'mpic++'), ('CC', 'mpicc')})",1,25.0,14.0,../specials/x86_64/special -mpi,../hoc/bench_main.hoc,250.0,16.0,,frozenset(),33810,False,False,68.97125
11,../nrn-7.2,../specials,"frozenset({'--with-multisend', '--enable-shared=no', '--enable-static=yes', '--with-paranrn', '--without-x', '--without-iv', '--with-mpi', '--without-nrnoc-x11'})","frozenset({('MPICC', 'mpicc'), ('CFLAGS', '""-O3 -fopenmp -DKPLUS -DKPLUS_GATHER_SCATTER -DKPLUS_SPAWN -DCLUSTER_USE_OMP""'), ('use_pthread', 'no'), ('CXXFLAGS', '""-O3 -fopenmp -DKPLUS -DKPLUS_GATHER_SCATTER -DKPLUS_SPAWN -DCLUSTER_USE_OMP""'), ('linux_nrnmech', 'no'), ('MPICXX', 'mpic++'), ('CXX', 'mpic++'), ('CC', 'mpicc')})",1,24.0,14.0,../specials/x86_64/special -mpi,../hoc/bench_main.hoc,250.0,16.0,,frozenset(),33809,False,False,54.17294
12,../nrn-7.2,../specials,"frozenset({'--with-multisend', '--enable-shared=no', '--enable-static=yes', '--with-paranrn', '--without-x', '--without-iv', '--with-mpi', '--without-nrnoc-x11'})","frozenset({('MPICC', 'mpicc'), ('CFLAGS', '""-O3 -fopenmp -DKPLUS -DKPLUS_GATHER_SCATTER -DKPLUS_SPAWN -DCLUSTER_USE_OMP""'), ('use_pthread', 'no'), ('CXXFLAGS', '""-O3 -fopenmp -DKPLUS -DKPLUS_GATHER_SCATTER -DKPLUS_SPAWN -DCLUSTER_USE_OMP""'), ('linux_nrnmech', 'no'), ('MPICXX', 'mpic++'), ('CXX', 'mpic++'), ('CC', 'mpicc')})",1,23.0,14.0,../specials/x86_64/special -mpi,../hoc/bench_main.hoc,250.0,16.0,,frozenset(),33808,False,False,61.07669
13,../nrn-7.2,../specials,"frozenset({'--with-multisend', '--enable-shared=no', '--enable-static=yes', '--with-paranrn', '--without-x', '--without-iv', '--with-mpi', '--without-nrnoc-x11'})","frozenset({('MPICC', 'mpicc'), ('CFLAGS', '""-O3 -fopenmp -DKPLUS -DKPLUS_GATHER_SCATTER -DKPLUS_SPAWN -DCLUSTER_USE_OMP""'), ('use_pthread', 'no'), ('CXXFLAGS', '""-O3 -fopenmp -DKPLUS -DKPLUS_GATHER_SCATTER -DKPLUS_SPAWN -DCLUSTER_USE_OMP""'), ('linux_nrnmech', 'no'), ('MPICXX', 'mpic++'), ('CXX', 'mpic++'), ('CC', 'mpicc')})",1,28.0,13.0,../specials/x86_64/special -mpi,../hoc/bench_main.hoc,250.0,16.0,,frozenset(),33807,False,False,61.95644
14,../nrn-7.2,../specials,"frozenset({'--with-multisend', '--enable-shared=no', '--enable-static=yes', '--with-paranrn', '--without-x', '--without-iv', '--with-mpi', '--without-nrnoc-x11'})","frozenset({('MPICC', 'mpicc'), ('CFLAGS', '""-O3 -fopenmp -DKPLUS -DKPLUS_GATHER_SCATTER -DKPLUS_SPAWN -DCLUSTER_USE_OMP""'), ('use_pthread', 'no'), ('CXXFLAGS', '""-O3 -fopenmp -DKPLUS -DKPLUS_GATHER_SCATTER -DKPLUS_SPAWN -DCLUSTER_USE_OMP""'), ('linux_nrnmech', 'no'), ('MPICXX', 'mpic++'), ('CXX', 'mpic++'), ('CC', 'mpicc')})",1,27.0,13.0,../specials/x86_64/special -mpi,../hoc/bench_main.hoc,250.0,16.0,,frozenset(),33806,False,False,56.7446
15,../nrn-7.2,../specials,"frozenset({'--with-multisend', '--enable-shared=no', '--enable-static=yes', '--with-paranrn', '--without-x', '--without-iv', '--with-mpi', '--without-nrnoc-x11'})","frozenset({('MPICC', 'mpicc'), ('CFLAGS', '""-O3 -fopenmp -DKPLUS -DKPLUS_GATHER_SCATTER -DKPLUS_SPAWN -DCLUSTER_USE_OMP""'), ('use_pthread', 'no'), ('CXXFLAGS', '""-O3 -fopenmp -DKPLUS -DKPLUS_GATHER_SCATTER -DKPLUS_SPAWN -DCLUSTER_USE_OMP""'), ('linux_nrnmech', 'no'), ('MPICXX', 'mpic++'), ('CXX', 'mpic++'), ('CC', 'mpicc')})",1,26.0,13.0,../specials/x86_64/special -mpi,../hoc/bench_main.hoc,250.0,16.0,,frozenset(),33805,False,False,49.0052
16,../nrn-7.2,../specials,"frozenset({'--with-multisend', '--enable-shared=no', '--enable-static=yes', '--with-paranrn', '--without-x', '--without-iv', '--with-mpi', '--without-nrnoc-x11'})","frozenset({('MPICC', 'mpicc'), ('CFLAGS', '""-O3 -fopenmp -DKPLUS -DKPLUS_GATHER_SCATTER -DKPLUS_SPAWN -DCLUSTER_USE_OMP""'), ('use_pthread', 'no'), ('CXXFLAGS', '""-O3 -fopenmp -DKPLUS -DKPLUS_GATHER_SCATTER -DKPLUS_SPAWN -DCLUSTER_USE_OMP""'), ('linux_nrnmech', 'no'), ('MPICXX', 'mpic++'), ('CXX', 'mpic++'), ('CC', 'mpicc')})",1,25.0,13.0,../specials/x86_64/special -mpi,../hoc/bench_main.hoc,250.0,16.0,,frozenset(),33804,False,False,57.99092
17,../nrn-7.2,../specials,"frozenset({'--with-multisend', '--enable-shared=no', '--enable-static=yes', '--with-paranrn', '--without-x', '--without-iv', '--with-mpi', '--without-nrnoc-x11'})","frozenset({('MPICC', 'mpicc'), ('CFLAGS', '""-O3 -fopenmp -DKPLUS -DKPLUS_GATHER_SCATTER -DKPLUS_SPAWN -DCLUSTER_USE_OMP""'), ('use_pthread', 'no'), ('CXXFLAGS', '""-O3 -fopenmp -DKPLUS -DKPLUS_GATHER_SCATTER -DKPLUS_SPAWN -DCLUSTER_USE_OMP""'), ('linux_nrnmech', 'no'), ('MPICXX', 'mpic++'), ('CXX', 'mpic++'), ('CC', 'mpicc')})",1,24.0,13.0,../specials/x86_64/special -mpi,../hoc/bench_main.hoc,250.0,16.0,,frozenset(),33803,False,False,58.30155
18,../nrn-7.2,../specials,"frozenset({'--with-multisend', '--enable-shared=no', '--enable-static=yes', '--with-paranrn', '--without-x', '--without-iv', '--with-mpi', '--without-nrnoc-x11'})","frozenset({('MPICC', 'mpicc'), ('CFLAGS', '""-O3 -fopenmp -DKPLUS -DKPLUS_GATHER_SCATTER -DKPLUS_SPAWN -DCLUSTER_USE_OMP""'), ('use_pthread', 'no'), ('CXXFLAGS', '""-O3 -fopenmp -DKPLUS -DKPLUS_GATHER_SCATTER -DKPLUS_SPAWN -DCLUSTER_USE_OMP""'), ('linux_nrnmech', 'no'), ('MPICXX', 'mpic++'), ('CXX', 'mpic++'), ('CC', 'mpicc')})",1,23.0,13.0,../specials/x86_64/special -mpi,../hoc/bench_main.hoc,250.0,16.0,,frozenset(),33802,False,False,59.96781
19,../nrn-7.2,../specials,"frozenset({'--with-multisend', '--enable-shared=no', '--enable-static=yes', '--with-paranrn', '--without-x', '--without-iv', '--with-mpi', '--without-nrnoc-x11'})","frozenset({('MPICC', 'mpicc'), ('CFLAGS', '""-O3 -fopenmp -DKPLUS -DKPLUS_GATHER_SCATTER -DKPLUS_SPAWN -DCLUSTER_USE_OMP""'), ('use_pthread', 'no'), ('CXXFLAGS', '""-O3 -fopenmp -DKPLUS -DKPLUS_GATHER_SCATTER -DKPLUS_SPAWN -DCLUSTER_USE_OMP""'), ('linux_nrnmech', 'no'), ('MPICXX', 'mpic++'), ('CXX', 'mpic++'), ('CC', 'mpicc')})",1,28.0,11.0,../specials/x86_64/special -mpi,../hoc/bench_main.hoc,250.0,16.0,,frozenset(),33801,False,False,61.5983
20,../nrn-7.2,../specials,"frozenset({'--with-multisend', '--enable-shared=no', '--enable-static=yes', '--with-paranrn', '--without-x', '--without-iv', '--with-mpi', '--without-nrnoc-x11'})","frozenset({('MPICC', 'mpicc'), ('CFLAGS', '""-O3 -fopenmp -DKPLUS -DKPLUS_GATHER_SCATTER -DKPLUS_SPAWN -DCLUSTER_USE_OMP""'), ('use_pthread', 'no'), ('CXXFLAGS', '""-O3 -fopenmp -DKPLUS -DKPLUS_GATHER_SCATTER -DKPLUS_SPAWN -DCLUSTER_USE_OMP""'), ('linux_nrnmech', 'no'), ('MPICXX', 'mpic++'), ('CXX', 'mpic++'), ('CC', 'mpicc')})",1,27.0,11.0,../specials/x86_64/special -mpi,../hoc/bench_main.hoc,250.0,16.0,,frozenset(),33800,False,False,57.83604
21,../nrn-7.2,../specials,"frozenset({'--with-multisend', '--enable-shared=no', '--enable-static=yes', '--with-paranrn', '--without-x', '--without-iv', '--with-mpi', '--without-nrnoc-x11'})","frozenset({('MPICC', 'mpicc'), ('CFLAGS', '""-O3 -fopenmp -DKPLUS -DKPLUS_GATHER_SCATTER -DKPLUS_SPAWN -DCLUSTER_USE_OMP""'), ('use_pthread', 'no'), ('CXXFLAGS', '""-O3 -fopenmp -DKPLUS -DKPLUS_GATHER_SCATTER -DKPLUS_SPAWN -DCLUSTER_USE_OMP""'), ('linux_nrnmech', 'no'), ('MPICXX', 'mpic++'), ('CXX', 'mpic++'), ('CC', 'mpicc')})",1,26.0,11.0,../specials/x86_64/special -mpi,../hoc/bench_main.hoc,250.0,16.0,,frozenset(),33799,False,False,49.17964
22,../nrn-7.2,../specials,"frozenset({'--with-multisend', '--enable-shared=no', '--enable-static=yes', '--with-paranrn', '--without-x', '--without-iv', '--with-mpi', '--without-nrnoc-x11'})","frozenset({('MPICC', 'mpicc'), ('CFLAGS', '""-O3 -fopenmp -DKPLUS -DKPLUS_GATHER_SCATTER -DKPLUS_SPAWN -DCLUSTER_USE_OMP""'), ('use_pthread', 'no'), ('CXXFLAGS', '""-O3 -fopenmp -DKPLUS -DKPLUS_GATHER_SCATTER -DKPLUS_SPAWN -DCLUSTER_USE_OMP""'), ('linux_nrnmech', 'no'), ('MPICXX', 'mpic++'), ('CXX', 'mpic++'), ('CC', 'mpicc')})",1,25.0,11.0,../specials/x86_64/special -mpi,../hoc/bench_main.hoc,250.0,16.0,,frozenset(),33798,False,False,60.80768
23,../nrn-7.2,../specials,"frozenset({'--with-multisend', '--enable-shared=no', '--enable-static=yes', '--with-paranrn', '--without-x', '--without-iv', '--with-mpi', '--without-nrnoc-x11'})","frozenset({('MPICC', 'mpicc'), ('CFLAGS', '""-O3 -fopenmp -DKPLUS -DKPLUS_GATHER_SCATTER -DKPLUS_SPAWN -DCLUSTER_USE_OMP""'), ('use_pthread', 'no'), ('CXXFLAGS', '""-O3 -fopenmp -DKPLUS -DKPLUS_GATHER_SCATTER -DKPLUS_SPAWN -DCLUSTER_USE_OMP""'), ('linux_nrnmech', 'no'), ('MPICXX', 'mpic++'), ('CXX', 'mpic++'), ('CC', 'mpicc')})",1,24.0,11.0,../specials/x86_64/special -mpi,../hoc/bench_main.hoc,250.0,16.0,,frozenset(),33797,False,False,67.89875
24,../nrn-7.2,../specials,"frozenset({'--with-multisend', '--enable-shared=no', '--enable-static=yes', '--with-paranrn', '--without-x', '--without-iv', '--with-mpi', '--without-nrnoc-x11'})","frozenset({('MPICC', 'mpicc'), ('CFLAGS', '""-O3 -fopenmp -DKPLUS -DKPLUS_GATHER_SCATTER -DKPLUS_SPAWN -DCLUSTER_USE_OMP""'), ('use_pthread', 'no'), ('CXXFLAGS', '""-O3 -fopenmp -DKPLUS -DKPLUS_GATHER_SCATTER -DKPLUS_SPAWN -DCLUSTER_USE_OMP""'), ('linux_nrnmech', 'no'), ('MPICXX', 'mpic++'), ('CXX', 'mpic++'), ('CC', 'mpicc')})",1,23.0,11.0,../specials/x86_64/special -mpi,../hoc/bench_main.hoc,250.0,16.0,,frozenset(),33796,False,False,60.17664
25,../nrn-7.2,../specials,"frozenset({'--with-multisend', '--enable-shared=no', '--enable-static=yes', '--with-paranrn', '--without-x', '--without-iv', '--with-mpi', '--without-nrnoc-x11'})","frozenset({('MPICC', 'mpicc'), ('CFLAGS', '""-O3 -fopenmp -DKPLUS -DKPLUS_GATHER_SCATTER -DKPLUS_SPAWN -DCLUSTER_USE_OMP""'), ('use_pthread', 'no'), ('CXXFLAGS', '""-O3 -fopenmp -DKPLUS -DKPLUS_GATHER_SCATTER -DKPLUS_SPAWN -DCLUSTER_USE_OMP""'), ('linux_nrnmech', 'no'), ('MPICXX', 'mpic++'), ('CXX', 'mpic++'), ('CC', 'mpicc')})",1,28.0,9.0,../specials/x86_64/special -mpi,../hoc/bench_main.hoc,250.0,16.0,,frozenset(),33795,False,False,53.12809
26,../nrn-7.2,../specials,"frozenset({'--with-multisend', '--enable-shared=no', '--enable-static=yes', '--with-paranrn', '--without-x', '--without-iv', '--with-mpi', '--without-nrnoc-x11'})","frozenset({('MPICC', 'mpicc'), ('CFLAGS', '""-O3 -fopenmp -DKPLUS -DKPLUS_GATHER_SCATTER -DKPLUS_SPAWN -DCLUSTER_USE_OMP""'), ('use_pthread', 'no'), ('CXXFLAGS', '""-O3 -fopenmp -DKPLUS -DKPLUS_GATHER_SCATTER -DKPLUS_SPAWN -DCLUSTER_USE_OMP""'), ('linux_nrnmech', 'no'), ('MPICXX', 'mpic++'), ('CXX', 'mpic++'), ('CC', 'mpicc')})",1,27.0,9.0,../specials/x86_64/special -mpi,../hoc/bench_main.hoc,250.0,16.0,,frozenset(),33794,False,False,56.13819
27,../nrn-7.2,../specials,"frozenset({'--with-multisend', '--enable-shared=no', '--enable-static=yes', '--with-paranrn', '--without-x', '--without-iv', '--with-mpi', '--without-nrnoc-x11'})","frozenset({('MPICC', 'mpicc'), ('CFLAGS', '""-O3 -fopenmp -DKPLUS -DKPLUS_GATHER_SCATTER -DKPLUS_SPAWN -DCLUSTER_USE_OMP""'), ('use_pthread', 'no'), ('CXXFLAGS', '""-O3 -fopenmp -DKPLUS -DKPLUS_GATHER_SCATTER -DKPLUS_SPAWN -DCLUSTER_USE_OMP""'), ('linux_nrnmech', 'no'), ('MPICXX', 'mpic++'), ('CXX', 'mpic++'), ('CC', 'mpicc')})",1,26.0,9.0,../specials/x86_64/special -mpi,../hoc/bench_main.hoc,250.0,16.0,,frozenset(),33793,False,False,57.25705
28,../nrn-7.2,../specials,"frozenset({'--with-multisend', '--enable-shared=no', '--enable-static=yes', '--with-paranrn', '--without-x', '--without-iv', '--with-mpi', '--without-nrnoc-x11'})","frozenset({('MPICC', 'mpicc'), ('CFLAGS', '""-O3 -fopenmp -DKPLUS -DKPLUS_GATHER_SCATTER -DKPLUS_SPAWN -DCLUSTER_USE_OMP""'), ('use_pthread', 'no'), ('CXXFLAGS', '""-O3 -fopenmp -DKPLUS -DKPLUS_GATHER_SCATTER -DKPLUS_SPAWN -DCLUSTER_USE_OMP""'), ('linux_nrnmech', 'no'), ('MPICXX', 'mpic++'), ('CXX', 'mpic++'), ('CC', 'mpicc')})",1,25.0,9.0,../specials/x86_64/special -mpi,../hoc/bench_main.hoc,250.0,16.0,,frozenset(),33792,False,False,58.02782
29,../nrn-7.2,../specials,"frozenset({'--with-multisend', '--enable-shared=no', '--enable-static=yes', '--with-paranrn', '--without-x', '--without-iv', '--with-mpi', '--without-nrnoc-x11'})","frozenset({('MPICC', 'mpicc'), ('CFLAGS', '""-O3 -fopenmp -DKPLUS -DKPLUS_GATHER_SCATTER -DKPLUS_SPAWN -DCLUSTER_USE_OMP""'), ('use_pthread', 'no'), ('CXXFLAGS', '""-O3 -fopenmp -DKPLUS -DKPLUS_GATHER_SCATTER -DKPLUS_SPAWN -DCLUSTER_USE_OMP""'), ('linux_nrnmech', 'no'), ('MPICXX', 'mpic++'), ('CXX', 'mpic++'), ('CC', 'mpicc')})",1,24.0,9.0,../specials/x86_64/special -mpi,../hoc/bench_main.hoc,250.0,16.0,,frozenset(),33791,False,False,57.38351
30,../nrn-7.2,../specials,"frozenset({'--with-multisend', '--enable-shared=no', '--enable-static=yes', '--with-paranrn', '--without-x', '--without-iv', '--with-mpi', '--without-nrnoc-x11'})","frozenset({('MPICC', 'mpicc'), ('CFLAGS', '""-O3 -fopenmp -DKPLUS -DKPLUS_GATHER_SCATTER -DKPLUS_SPAWN -DCLUSTER_USE_OMP""'), ('use_pthread', 'no'), ('CXXFLAGS', '""-O3 -fopenmp -DKPLUS -DKPLUS_GATHER_SCATTER -DKPLUS_SPAWN -DCLUSTER_USE_OMP""'), ('linux_nrnmech', 'no'), ('MPICXX', 'mpic++'), ('CXX', 'mpic++'), ('CC', 'mpicc')})",1,23.0,9.0,../specials/x86_64/special -mpi,../hoc/bench_main.hoc,250.0,16.0,,frozenset(),33790,False,False,59.17703
31,../nrn-7.2,../specials,"frozenset({'--with-multisend', '--enable-shared=no', '--enable-static=yes', '--with-paranrn', '--without-x', '--without-iv', '--with-mpi', '--without-nrnoc-x11'})","frozenset({('MPICC', 'mpicc'), ('CFLAGS', '""-O3 -fopenmp -DKPLUS -DKPLUS_GATHER_SCATTER -DKPLUS_SPAWN -DCLUSTER_USE_OMP""'), ('use_pthread', 'no'), ('CXXFLAGS', '""-O3 -fopenmp -DKPLUS -DKPLUS_GATHER_SCATTER -DKPLUS_SPAWN -DCLUSTER_USE_OMP""'), ('linux_nrnmech', 'no'), ('MPICXX', 'mpic++'), ('CXX', 'mpic++'), ('CC', 'mpicc')})",1,28.0,8.0,../specials/x86_64/special -mpi,../hoc/bench_main.hoc,250.0,16.0,,frozenset(),33789,False,False,50.92054
32,../nrn-7.2,../specials,"frozenset({'--with-multisend', '--enable-shared=no', '--enable-static=yes', '--with-paranrn', '--without-x', '--without-iv', '--with-mpi', '--without-nrnoc-x11'})","frozenset({('MPICC', 'mpicc'), ('CFLAGS', '""-O3 -fopenmp -DKPLUS -DKPLUS_GATHER_SCATTER -DKPLUS_SPAWN -DCLUSTER_USE_OMP""'), ('use_pthread', 'no'), ('CXXFLAGS', '""-O3 -fopenmp -DKPLUS -DKPLUS_GATHER_SCATTER -DKPLUS_SPAWN -DCLUSTER_USE_OMP""'), ('linux_nrnmech', 'no'), ('MPICXX', 'mpic++'), ('CXX', 'mpic++'), ('CC', 'mpicc')})",1,27.0,8.0,../specials/x86_64/special -mpi,../hoc/bench_main.hoc,250.0,16.0,,frozenset(),33788,False,False,60.25688
33,../nrn-7.2,../specials,"frozenset({'--with-multisend', '--enable-shared=no', '--enable-static=yes', '--with-paranrn', '--without-x', '--without-iv', '--with-mpi', '--without-nrnoc-x11'})","frozenset({('MPICC', 'mpicc'), ('CFLAGS', '""-O3 -fopenmp -DKPLUS -DKPLUS_GATHER_SCATTER -DKPLUS_SPAWN -DCLUSTER_USE_OMP""'), ('use_pthread', 'no'), ('CXXFLAGS', '""-O3 -fopenmp -DKPLUS -DKPLUS_GATHER_SCATTER -DKPLUS_SPAWN -DCLUSTER_USE_OMP""'), ('linux_nrnmech', 'no'), ('MPICXX', 'mpic++'), ('CXX', 'mpic++'), ('CC', 'mpicc')})",1,26.0,8.0,../specials/x86_64/special -mpi,../hoc/bench_main.hoc,250.0,16.0,,frozenset(),33787,False,False,55.42321
34,../nrn-7.2,../specials,"frozenset({'--with-multisend', '--enable-shared=no', '--enable-static=yes', '--with-paranrn', '--without-x', '--without-iv', '--with-mpi', '--without-nrnoc-x11'})","frozenset({('MPICC', 'mpicc'), ('CFLAGS', '""-O3 -fopenmp -DKPLUS -DKPLUS_GATHER_SCATTER -DKPLUS_SPAWN -DCLUSTER_USE_OMP""'), ('use_pthread', 'no'), ('CXXFLAGS', '""-O3 -fopenmp -DKPLUS -DKPLUS_GATHER_SCATTER -DKPLUS_SPAWN -DCLUSTER_USE_OMP""'), ('linux_nrnmech', 'no'), ('MPICXX', 'mpic++'), ('CXX', 'mpic++'), ('CC', 'mpicc')})",1,25.0,8.0,../specials/x86_64/special -mpi,../hoc/bench_main.hoc,250.0,16.0,,frozenset(),33786,False,False,62.50292
35,../nrn-7.2,../specials,"frozenset({'--with-multisend', '--enable-shared=no', '--enable-static=yes', '--with-paranrn', '--without-x', '--without-iv', '--with-mpi', '--without-nrnoc-x11'})","frozenset({('MPICC', 'mpicc'), ('CFLAGS', '""-O3 -fopenmp -DKPLUS -DKPLUS_GATHER_SCATTER -DKPLUS_SPAWN -DCLUSTER_USE_OMP""'), ('use_pthread', 'no'), ('CXXFLAGS', '""-O3 -fopenmp -DKPLUS -DKPLUS_GATHER_SCATTER -DKPLUS_SPAWN -DCLUSTER_USE_OMP""'), ('linux_nrnmech', 'no'), ('MPICXX', 'mpic++'), ('CXX', 'mpic++'), ('CC', 'mpicc')})",1,24.0,8.0,../specials/x86_64/special -mpi,../hoc/bench_main.hoc,250.0,16.0,,frozenset(),33785,False,False,55.22728
36,../nrn-7.2,../specials,"frozenset({'--with-multisend', '--enable-shared=no', '--enable-static=yes', '--with-paranrn', '--without-x', '--without-iv', '--with-mpi', '--without-nrnoc-x11'})","frozenset({('MPICC', 'mpicc'), ('CFLAGS', '""-O3 -fopenmp -DKPLUS -DKPLUS_GATHER_SCATTER -DKPLUS_SPAWN -DCLUSTER_USE_OMP""'), ('use_pthread', 'no'), ('CXXFLAGS', '""-O3 -fopenmp -DKPLUS -DKPLUS_GATHER_SCATTER -DKPLUS_SPAWN -DCLUSTER_USE_OMP""'), ('linux_nrnmech', 'no'), ('MPICXX', 'mpic++'), ('CXX', 'mpic++'), ('CC', 'mpicc')})",1,23.0,8.0,../specials/x86_64/special -mpi,../hoc/bench_main.hoc,250.0,16.0,,frozenset(),33784,False,False,64.30842
37,../nrn-7.2,../specials,"frozenset({'--with-multisend', '--enable-shared=no', '--enable-static=yes', '--with-paranrn', '--without-x', '--without-iv', '--with-mpi', '--without-nrnoc-x11'})","frozenset({('MPICC', 'mpicc'), ('CFLAGS', '""-O3 -fopenmp -DKPLUS -DKPLUS_GATHER_SCATTER -DKPLUS_SPAWN -DCLUSTER_USE_OMP""'), ('use_pthread', 'no'), ('CXXFLAGS', '""-O3 -fopenmp -DKPLUS -DKPLUS_GATHER_SCATTER -DKPLUS_SPAWN -DCLUSTER_USE_OMP""'), ('linux_nrnmech', 'no'), ('MPICXX', 'mpic++'), ('CXX', 'mpic++'), ('CC', 'mpicc')})",1,28.0,7.0,../specials/x86_64/special -mpi,../hoc/bench_main.hoc,250.0,16.0,,frozenset(),33783,False,False,105.87868
38,../nrn-7.2,../specials,"frozenset({'--with-multisend', '--enable-shared=no', '--enable-static=yes', '--with-paranrn', '--without-x', '--without-iv', '--with-mpi', '--without-nrnoc-x11'})","frozenset({('MPICC', 'mpicc'), ('CFLAGS', '""-O3 -fopenmp -DKPLUS -DKPLUS_GATHER_SCATTER -DKPLUS_SPAWN -DCLUSTER_USE_OMP""'), ('use_pthread', 'no'), ('CXXFLAGS', '""-O3 -fopenmp -DKPLUS -DKPLUS_GATHER_SCATTER -DKPLUS_SPAWN -DCLUSTER_USE_OMP""'), ('linux_nrnmech', 'no'), ('MPICXX', 'mpic++'), ('CXX', 'mpic++'), ('CC', 'mpicc')})",1,27.0,7.0,../specials/x86_64/special -mpi,../hoc/bench_main.hoc,250.0,16.0,,frozenset(),33782,False,False,53.71069
39,../nrn-7.2,../specials,"frozenset({'--with-multisend', '--enable-shared=no', '--enable-static=yes', '--with-paranrn', '--without-x', '--without-iv', '--with-mpi', '--without-nrnoc-x11'})","frozenset({('MPICC', 'mpicc'), ('CFLAGS', '""-O3 -fopenmp -DKPLUS -DKPLUS_GATHER_SCATTER -DKPLUS_SPAWN -DCLUSTER_USE_OMP""'), ('use_pthread', 'no'), ('CXXFLAGS', '""-O3 -fopenmp -DKPLUS -DKPLUS_GATHER_SCATTER -DKPLUS_SPAWN -DCLUSTER_USE_OMP""'), ('linux_nrnmech', 'no'), ('MPICXX', 'mpic++'), ('CXX', 'mpic++'), ('CC', 'mpicc')})",1,26.0,7.0,../specials/x86_64/special -mpi,../hoc/bench_main.hoc,250.0,16.0,,frozenset(),33781,False,False,58.48043
40,../nrn-7.2,../specials,"frozenset({'--with-multisend', '--enable-shared=no', '--enable-static=yes', '--with-paranrn', '--without-x', '--without-iv', '--with-mpi', '--without-nrnoc-x11'})","frozenset({('MPICC', 'mpicc'), ('CFLAGS', '""-O3 -fopenmp -DKPLUS -DKPLUS_GATHER_SCATTER -DKPLUS_SPAWN -DCLUSTER_USE_OMP""'), ('use_pthread', 'no'), ('CXXFLAGS', '""-O3 -fopenmp -DKPLUS -DKPLUS_GATHER_SCATTER -DKPLUS_SPAWN -DCLUSTER_USE_OMP""'), ('linux_nrnmech', 'no'), ('MPICXX', 'mpic++'), ('CXX', 'mpic++'), ('CC', 'mpicc')})",1,25.0,7.0,../specials/x86_64/special -mpi,../hoc/bench_main.hoc,250.0,16.0,,frozenset(),33780,False,False,54.73243
41,../nrn-7.2,../specials,"frozenset({'--with-multisend', '--enable-shared=no', '--enable-static=yes', '--with-paranrn', '--without-x', '--without-iv', '--with-mpi', '--without-nrnoc-x11'})","frozenset({('MPICC', 'mpicc'), ('CFLAGS', '""-O3 -fopenmp -DKPLUS -DKPLUS_GATHER_SCATTER -DKPLUS_SPAWN -DCLUSTER_USE_OMP""'), ('use_pthread', 'no'), ('CXXFLAGS', '""-O3 -fopenmp -DKPLUS -DKPLUS_GATHER_SCATTER -DKPLUS_SPAWN -DCLUSTER_USE_OMP""'), ('linux_nrnmech', 'no'), ('MPICXX', 'mpic++'), ('CXX', 'mpic++'), ('CC', 'mpicc')})",1,24.0,7.0,../specials/x86_64/special -mpi,../hoc/bench_main.hoc,250.0,16.0,,frozenset(),33779,False,False,56.90999
42,../nrn-7.2,../specials,"frozenset({'--with-multisend', '--enable-shared=no', '--enable-static=yes', '--with-paranrn', '--without-x', '--without-iv', '--with-mpi', '--without-nrnoc-x11'})","frozenset({('MPICC', 'mpicc'), ('CFLAGS', '""-O3 -fopenmp -DKPLUS -DKPLUS_GATHER_SCATTER -DKPLUS_SPAWN -DCLUSTER_USE_OMP""'), ('use_pthread', 'no'), ('CXXFLAGS', '""-O3 -fopenmp -DKPLUS -DKPLUS_GATHER_SCATTER -DKPLUS_SPAWN -DCLUSTER_USE_OMP""'), ('linux_nrnmech', 'no'), ('MPICXX', 'mpic++'), ('CXX', 'mpic++'), ('CC', 'mpicc')})",1,23.0,7.0,../specials/x86_64/special -mpi,../hoc/bench_main.hoc,250.0,16.0,,frozenset(),33778,False,False,59.77065
43,../nrn-7.2,../specials,"frozenset({'--with-multisend', '--enable-shared=no', '--enable-static=yes', '--with-paranrn', '--without-x', '--without-iv', '--with-mpi', '--without-nrnoc-x11'})","frozenset({('MPICC', 'mpicc'), ('CFLAGS', '""-O3 -fopenmp -DKPLUS -DKPLUS_GATHER_SCATTER -DKPLUS_SPAWN -DCLUSTER_USE_OMP""'), ('use_pthread', 'no'), ('CXXFLAGS', '""-O3 -fopenmp -DKPLUS -DKPLUS_GATHER_SCATTER -DKPLUS_SPAWN -DCLUSTER_USE_OMP""'), ('linux_nrnmech', 'no'), ('MPICXX', 'mpic++'), ('CXX', 'mpic++'), ('CC', 'mpicc')})",1,28.0,6.0,../specials/x86_64/special -mpi,../hoc/bench_main.hoc,250.0,16.0,,frozenset(),33777,False,False,109.20944
44,../nrn-7.2,../specials,"frozenset({'--with-multisend', '--enable-shared=no', '--enable-static=yes', '--with-paranrn', '--without-x', '--without-iv', '--with-mpi', '--without-nrnoc-x11'})","frozenset({('MPICC', 'mpicc'), ('CFLAGS', '""-O3 -fopenmp -DKPLUS -DKPLUS_GATHER_SCATTER -DKPLUS_SPAWN -DCLUSTER_USE_OMP""'), ('use_pthread', 'no'), ('CXXFLAGS', '""-O3 -fopenmp -DKPLUS -DKPLUS_GATHER_SCATTER -DKPLUS_SPAWN -DCLUSTER_USE_OMP""'), ('linux_nrnmech', 'no'), ('MPICXX', 'mpic++'), ('CXX', 'mpic++'), ('CC', 'mpicc')})",1,27.0,6.0,../specials/x86_64/special -mpi,../hoc/bench_main.hoc,250.0,16.0,,frozenset(),33776,False,False,50.74207
45,../nrn-7.2,../specials,"frozenset({'--with-multisend', '--enable-shared=no', '--enable-static=yes', '--with-paranrn', '--without-x', '--without-iv', '--with-mpi', '--without-nrnoc-x11'})","frozenset({('MPICC', 'mpicc'), ('CFLAGS', '""-O3 -fopenmp -DKPLUS -DKPLUS_GATHER_SCATTER -DKPLUS_SPAWN -DCLUSTER_USE_OMP""'), ('use_pthread', 'no'), ('CXXFLAGS', '""-O3 -fopenmp -DKPLUS -DKPLUS_GATHER_SCATTER -DKPLUS_SPAWN -DCLUSTER_USE_OMP""'), ('linux_nrnmech', 'no'), ('MPICXX', 'mpic++'), ('CXX', 'mpic++'), ('CC', 'mpicc')})",1,26.0,6.0,../specials/x86_64/special -mpi,../hoc/bench_main.hoc,250.0,16.0,,frozenset(),33775,False,False,49.58926
46,../nrn-7.2,../specials,"frozenset({'--with-multisend', '--enable-shared=no', '--enable-static=yes', '--with-paranrn', '--without-x', '--without-iv', '--with-mpi', '--without-nrnoc-x11'})","frozenset({('MPICC', 'mpicc'), ('CFLAGS', '""-O3 -fopenmp -DKPLUS -DKPLUS_GATHER_SCATTER -DKPLUS_SPAWN -DCLUSTER_USE_OMP""'), ('use_pthread', 'no'), ('CXXFLAGS', '""-O3 -fopenmp -DKPLUS -DKPLUS_GATHER_SCATTER -DKPLUS_SPAWN -DCLUSTER_USE_OMP""'), ('linux_nrnmech', 'no'), ('MPICXX', 'mpic++'), ('CXX', 'mpic++'), ('CC', 'mpicc')})",1,25.0,6.0,../specials/x86_64/special -mpi,../hoc/bench_main.hoc,250.0,16.0,,frozenset(),33774,False,False,63.05433
47,../nrn-7.2,../specials,"frozenset({'--with-multisend', '--enable-shared=no', '--enable-static=yes', '--with-paranrn', '--without-x', '--without-iv', '--with-mpi', '--without-nrnoc-x11'})","frozenset({('MPICC', 'mpicc'), ('CFLAGS', '""-O3 -fopenmp -DKPLUS -DKPLUS_GATHER_SCATTER -DKPLUS_SPAWN -DCLUSTER_USE_OMP""'), ('use_pthread', 'no'), ('CXXFLAGS', '""-O3 -fopenmp -DKPLUS -DKPLUS_GATHER_SCATTER -DKPLUS_SPAWN -DCLUSTER_USE_OMP""'), ('linux_nrnmech', 'no'), ('MPICXX', 'mpic++'), ('CXX', 'mpic++'), ('CC', 'mpicc')})",1,24.0,6.0,../specials/x86_64/special -mpi,../hoc/bench_main.hoc,250.0,16.0,,frozenset(),33773,False,False,55.82036
48,../nrn-7.2,../specials,"frozenset({'--with-multisend', '--enable-shared=no', '--enable-static=yes', '--with-paranrn', '--without-x', '--without-iv', '--with-mpi', '--without-nrnoc-x11'})","frozenset({('MPICC', 'mpicc'), ('CFLAGS', '""-O3 -fopenmp -DKPLUS -DKPLUS_GATHER_SCATTER -DKPLUS_SPAWN -DCLUSTER_USE_OMP""'), ('use_pthread', 'no'), ('CXXFLAGS', '""-O3 -fopenmp -DKPLUS -DKPLUS_GATHER_SCATTER -DKPLUS_SPAWN -DCLUSTER_USE_OMP""'), ('linux_nrnmech', 'no'), ('MPICXX', 'mpic++'), ('CXX', 'mpic++'), ('CC', 'mpicc')})",1,23.0,6.0,../specials/x86_64/special -mpi,../hoc/bench_main.hoc,250.0,16.0,,frozenset(),33772,False,False,61.92262
49,../nrn-7.2,../specials,"frozenset({'--with-multisend', '--enable-shared=no', '--enable-static=yes', '--with-paranrn', '--without-x', '--without-iv', '--with-mpi', '--without-nrnoc-x11'})","frozenset({('MPICC', 'mpicc'), ('CFLAGS', '""-O3 -fopenmp -DKPLUS -DKPLUS_GATHER_SCATTER -DKPLUS_SPAWN -DCLUSTER_USE_OMP""'), ('use_pthread', 'no'), ('CXXFLAGS', '""-O3 -fopenmp -DKPLUS -DKPLUS_GATHER_SCATTER -DKPLUS_SPAWN -DCLUSTER_USE_OMP""'), ('linux_nrnmech', 'no'), ('MPICXX', 'mpic++'), ('CXX', 'mpic++'), ('CC', 'mpicc')})",1,28.0,5.0,../specials/x86_64/special -mpi,../hoc/bench_main.hoc,250.0,16.0,,frozenset(),33771,False,False,53.00966
50,../nrn-7.2,../specials,"frozenset({'--with-multisend', '--enable-shared=no', '--enable-static=yes', '--with-paranrn', '--without-x', '--without-iv', '--with-mpi', '--without-nrnoc-x11'})","frozenset({('MPICC', 'mpicc'), ('CFLAGS', '""-O3 -fopenmp -DKPLUS -DKPLUS_GATHER_SCATTER -DKPLUS_SPAWN -DCLUSTER_USE_OMP""'), ('use_pthread', 'no'), ('CXXFLAGS', '""-O3 -fopenmp -DKPLUS -DKPLUS_GATHER_SCATTER -DKPLUS_SPAWN -DCLUSTER_USE_OMP""'), ('linux_nrnmech', 'no'), ('MPICXX', 'mpic++'), ('CXX', 'mpic++'), ('CC', 'mpicc')})",1,27.0,5.0,../specials/x86_64/special -mpi,../hoc/bench_main.hoc,250.0,16.0,,frozenset(),33770,False,False,62.16633
51,../nrn-7.2,../specials,"frozenset({'--with-multisend', '--enable-shared=no', '--enable-static=yes', '--with-paranrn', '--without-x', '--without-iv', '--with-mpi', '--without-nrnoc-x11'})","frozenset({('MPICC', 'mpicc'), ('CFLAGS', '""-O3 -fopenmp -DKPLUS -DKPLUS_GATHER_SCATTER -DKPLUS_SPAWN -DCLUSTER_USE_OMP""'), ('use_pthread', 'no'), ('CXXFLAGS', '""-O3 -fopenmp -DKPLUS -DKPLUS_GATHER_SCATTER -DKPLUS_SPAWN -DCLUSTER_USE_OMP""'), ('linux_nrnmech', 'no'), ('MPICXX', 'mpic++'), ('CXX', 'mpic++'), ('CC', 'mpicc')})",1,26.0,5.0,../specials/x86_64/special -mpi,../hoc/bench_main.hoc,250.0,16.0,,frozenset(),33769,False,False,53.36075
52,../nrn-7.2,../specials,"frozenset({'--with-multisend', '--enable-shared=no', '--enable-static=yes', '--with-paranrn', '--without-x', '--without-iv', '--with-mpi', '--without-nrnoc-x11'})","frozenset({('MPICC', 'mpicc'), ('CFLAGS', '""-O3 -fopenmp -DKPLUS -DKPLUS_GATHER_SCATTER -DKPLUS_SPAWN -DCLUSTER_USE_OMP""'), ('use_pthread', 'no'), ('CXXFLAGS', '""-O3 -fopenmp -DKPLUS -DKPLUS_GATHER_SCATTER -DKPLUS_SPAWN -DCLUSTER_USE_OMP""'), ('linux_nrnmech', 'no'), ('MPICXX', 'mpic++'), ('CXX', 'mpic++'), ('CC', 'mpicc')})",1,25.0,5.0,../specials/x86_64/special -mpi,../hoc/bench_main.hoc,250.0,16.0,,frozenset(),33768,False,False,66.39814
53,../nrn-7.2,../specials,"frozenset({'--with-multisend', '--enable-shared=no', '--enable-static=yes', '--with-paranrn', '--without-x', '--without-iv', '--with-mpi', '--without-nrnoc-x11'})","frozenset({('MPICC', 'mpicc'), ('CFLAGS', '""-O3 -fopenmp -DKPLUS -DKPLUS_GATHER_SCATTER -DKPLUS_SPAWN -DCLUSTER_USE_OMP""'), ('use_pthread', 'no'), ('CXXFLAGS', '""-O3 -fopenmp -DKPLUS -DKPLUS_GATHER_SCATTER -DKPLUS_SPAWN -DCLUSTER_USE_OMP""'), ('linux_nrnmech', 'no'), ('MPICXX', 'mpic++'), ('CXX', 'mpic++'), ('CC', 'mpicc')})",1,24.0,5.0,../specials/x86_64/special -mpi,../hoc/bench_main.hoc,250.0,16.0,,frozenset(),33767,False,False,55.35516
54,../nrn-7.2,../specials,"frozenset({'--with-multisend', '--enable-shared=no', '--enable-static=yes', '--with-paranrn', '--without-x', '--without-iv', '--with-mpi', '--without-nrnoc-x11'})","frozenset({('MPICC', 'mpicc'), ('CFLAGS', '""-O3 -fopenmp -DKPLUS -DKPLUS_GATHER_SCATTER -DKPLUS_SPAWN -DCLUSTER_USE_OMP""'), ('use_pthread', 'no'), ('CXXFLAGS', '""-O3 -fopenmp -DKPLUS -DKPLUS_GATHER_SCATTER -DKPLUS_SPAWN -DCLUSTER_USE_OMP""'), ('linux_nrnmech', 'no'), ('MPICXX', 'mpic++'), ('CXX', 'mpic++'), ('CC', 'mpicc')})",1,23.0,5.0,../specials/x86_64/special -mpi,../hoc/bench_main.hoc,250.0,16.0,,frozenset(),33766,False,False,59.53793
55,../nrn-7.2,../specials,"frozenset({'--with-multisend', '--enable-shared=no', '--enable-static=yes', '--with-paranrn', '--without-x', '--without-iv', '--with-mpi', '--without-nrnoc-x11'})","frozenset({('MPICC', 'mpicc'), ('CFLAGS', '""-O3 -fopenmp -DKPLUS -DKPLUS_GATHER_SCATTER -DKPLUS_SPAWN -DCLUSTER_USE_OMP""'), ('use_pthread', 'no'), ('CXXFLAGS', '""-O3 -fopenmp -DKPLUS -DKPLUS_GATHER_SCATTER -DKPLUS_SPAWN -DCLUSTER_USE_OMP""'), ('linux_nrnmech', 'no'), ('MPICXX', 'mpic++'), ('CXX', 'mpic++'), ('CC', 'mpicc')})",1,28.0,4.0,../specials/x86_64/special -mpi,../hoc/bench_main.hoc,250.0,16.0,,frozenset(),33765,False,False,54.28367
56,../nrn-7.2,../specials,"frozenset({'--with-multisend', '--enable-shared=no', '--enable-static=yes', '--with-paranrn', '--without-x', '--without-iv', '--with-mpi', '--without-nrnoc-x11'})","frozenset({('MPICC', 'mpicc'), ('CFLAGS', '""-O3 -fopenmp -DKPLUS -DKPLUS_GATHER_SCATTER -DKPLUS_SPAWN -DCLUSTER_USE_OMP""'), ('use_pthread', 'no'), ('CXXFLAGS', '""-O3 -fopenmp -DKPLUS -DKPLUS_GATHER_SCATTER -DKPLUS_SPAWN -DCLUSTER_USE_OMP""'), ('linux_nrnmech', 'no'), ('MPICXX', 'mpic++'), ('CXX', 'mpic++'), ('CC', 'mpicc')})",1,27.0,4.0,../specials/x86_64/special -mpi,../hoc/bench_main.hoc,250.0,16.0,,frozenset(),33764,False,False,55.26589
57,../nrn-7.2,../specials,"frozenset({'--with-multisend', '--enable-shared=no', '--enable-static=yes', '--with-paranrn', '--without-x', '--without-iv', '--with-mpi', '--without-nrnoc-x11'})","frozenset({('MPICC', 'mpicc'), ('CFLAGS', '""-O3 -fopenmp -DKPLUS -DKPLUS_GATHER_SCATTER -DKPLUS_SPAWN -DCLUSTER_USE_OMP""'), ('use_pthread', 'no'), ('CXXFLAGS', '""-O3 -fopenmp -DKPLUS -DKPLUS_GATHER_SCATTER -DKPLUS_SPAWN -DCLUSTER_USE_OMP""'), ('linux_nrnmech', 'no'), ('MPICXX', 'mpic++'), ('CXX', 'mpic++'), ('CC', 'mpicc')})",1,26.0,4.0,../specials/x86_64/special -mpi,../hoc/bench_main.hoc,250.0,16.0,,frozenset(),33763,False,False,54.97205
58,../nrn-7.2,../specials,"frozenset({'--with-multisend', '--enable-shared=no', '--enable-static=yes', '--with-paranrn', '--without-x', '--without-iv', '--with-mpi', '--without-nrnoc-x11'})","frozenset({('MPICC', 'mpicc'), ('CFLAGS', '""-O3 -fopenmp -DKPLUS -DKPLUS_GATHER_SCATTER -DKPLUS_SPAWN -DCLUSTER_USE_OMP""'), ('use_pthread', 'no'), ('CXXFLAGS', '""-O3 -fopenmp -DKPLUS -DKPLUS_GATHER_SCATTER -DKPLUS_SPAWN -DCLUSTER_USE_OMP""'), ('linux_nrnmech', 'no'), ('MPICXX', 'mpic++'), ('CXX', 'mpic++'), ('CC', 'mpicc')})",1,25.0,4.0,../specials/x86_64/special -mpi,../hoc/bench_main.hoc,250.0,16.0,,frozenset(),33762,False,False,61.16529
59,../nrn-7.2,../specials,"frozenset({'--with-multisend', '--enable-shared=no', '--enable-static=yes', '--with-paranrn', '--without-x', '--without-iv', '--with-mpi', '--without-nrnoc-x11'})","frozenset({('MPICC', 'mpicc'), ('CFLAGS', '""-O3 -fopenmp -DKPLUS -DKPLUS_GATHER_SCATTER -DKPLUS_SPAWN -DCLUSTER_USE_OMP""'), ('use_pthread', 'no'), ('CXXFLAGS', '""-O3 -fopenmp -DKPLUS -DKPLUS_GATHER_SCATTER -DKPLUS_SPAWN -DCLUSTER_USE_OMP""'), ('linux_nrnmech', 'no'), ('MPICXX', 'mpic++'), ('CXX', 'mpic++'), ('CC', 'mpicc')})",1,24.0,4.0,../specials/x86_64/special -mpi,../hoc/bench_main.hoc,250.0,16.0,,frozenset(),33761,False,False,56.18091
60,../nrn-7.2,../specials,"frozenset({'--with-multisend', '--enable-shared=no', '--enable-static=yes', '--with-paranrn', '--without-x', '--without-iv', '--with-mpi', '--without-nrnoc-x11'})","frozenset({('MPICC', 'mpicc'), ('CFLAGS', '""-O3 -fopenmp -DKPLUS -DKPLUS_GATHER_SCATTER -DKPLUS_SPAWN -DCLUSTER_USE_OMP""'), ('use_pthread', 'no'), ('CXXFLAGS', '""-O3 -fopenmp -DKPLUS -DKPLUS_GATHER_SCATTER -DKPLUS_SPAWN -DCLUSTER_USE_OMP""'), ('linux_nrnmech', 'no'), ('MPICXX', 'mpic++'), ('CXX', 'mpic++'), ('CC', 'mpicc')})",1,23.0,4.0,../specials/x86_64/special -mpi,../hoc/bench_main.hoc,250.0,16.0,,frozenset(),33760,False,False,60.79556
61,../nrn-7.2,../specials,"frozenset({'--with-multisend', '--enable-shared=no', '--enable-static=yes', '--with-paranrn', '--without-x', '--without-iv', '--with-mpi', '--without-nrnoc-x11'})","frozenset({('MPICC', 'mpicc'), ('CFLAGS', '""-O3 -fopenmp -DKPLUS -DKPLUS_GATHER_SCATTER -DKPLUS_SPAWN -DCLUSTER_USE_OMP""'), ('use_pthread', 'no'), ('CXXFLAGS', '""-O3 -fopenmp -DKPLUS -DKPLUS_GATHER_SCATTER -DKPLUS_SPAWN -DCLUSTER_USE_OMP""'), ('linux_nrnmech', 'no'), ('MPICXX', 'mpic++'), ('CXX', 'mpic++'), ('CC', 'mpicc')})",1,28.0,3.0,../specials/x86_64/special -mpi,../hoc/bench_main.hoc,250.0,16.0,,frozenset(),33759,False,False,53.02648
62,../nrn-7.2,../specials,"frozenset({'--with-multisend', '--enable-shared=no', '--enable-static=yes', '--with-paranrn', '--without-x', '--without-iv', '--with-mpi', '--without-nrnoc-x11'})","frozenset({('MPICC', 'mpicc'), ('CFLAGS', '""-O3 -fopenmp -DKPLUS -DKPLUS_GATHER_SCATTER -DKPLUS_SPAWN -DCLUSTER_USE_OMP""'), ('use_pthread', 'no'), ('CXXFLAGS', '""-O3 -fopenmp -DKPLUS -DKPLUS_GATHER_SCATTER -DKPLUS_SPAWN -DCLUSTER_USE_OMP""'), ('linux_nrnmech', 'no'), ('MPICXX', 'mpic++'), ('CXX', 'mpic++'), ('CC', 'mpicc')})",1,27.0,3.0,../specials/x86_64/special -mpi,../hoc/bench_main.hoc,250.0,16.0,,frozenset(),33758,False,False,58.47066
63,../nrn-7.2,../specials,"frozenset({'--with-multisend', '--enable-shared=no', '--enable-static=yes', '--with-paranrn', '--without-x', '--without-iv', '--with-mpi', '--without-nrnoc-x11'})","frozenset({('MPICC', 'mpicc'), ('CFLAGS', '""-O3 -fopenmp -DKPLUS -DKPLUS_GATHER_SCATTER -DKPLUS_SPAWN -DCLUSTER_USE_OMP""'), ('use_pthread', 'no'), ('CXXFLAGS', '""-O3 -fopenmp -DKPLUS -DKPLUS_GATHER_SCATTER -DKPLUS_SPAWN -DCLUSTER_USE_OMP""'), ('linux_nrnmech', 'no'), ('MPICXX', 'mpic++'), ('CXX', 'mpic++'), ('CC', 'mpicc')})",1,26.0,3.0,../specials/x86_64/special -mpi,../hoc/bench_main.hoc,250.0,16.0,,frozenset(),33757,False,False,49.74867
64,../nrn-7.2,../specials,"frozenset({'--with-multisend', '--enable-shared=no', '--enable-static=yes', '--with-paranrn', '--without-x', '--without-iv', '--with-mpi', '--without-nrnoc-x11'})","frozenset({('MPICC', 'mpicc'), ('CFLAGS', '""-O3 -fopenmp -DKPLUS -DKPLUS_GATHER_SCATTER -DKPLUS_SPAWN -DCLUSTER_USE_OMP""'), ('use_pthread', 'no'), ('CXXFLAGS', '""-O3 -fopenmp -DKPLUS -DKPLUS_GATHER_SCATTER -DKPLUS_SPAWN -DCLUSTER_USE_OMP""'), ('linux_nrnmech', 'no'), ('MPICXX', 'mpic++'), ('CXX', 'mpic++'), ('CC', 'mpicc')})",1,25.0,3.0,../specials/x86_64/special -mpi,../hoc/bench_main.hoc,250.0,16.0,,frozenset(),33756,False,False,60.5708
65,../nrn-7.2,../specials,"frozenset({'--with-multisend', '--enable-shared=no', '--enable-static=yes', '--with-paranrn', '--without-x', '--without-iv', '--with-mpi', '--without-nrnoc-x11'})","frozenset({('MPICC', 'mpicc'), ('CFLAGS', '""-O3 -fopenmp -DKPLUS -DKPLUS_GATHER_SCATTER -DKPLUS_SPAWN -DCLUSTER_USE_OMP""'), ('use_pthread', 'no'), ('CXXFLAGS', '""-O3 -fopenmp -DKPLUS -DKPLUS_GATHER_SCATTER -DKPLUS_SPAWN -DCLUSTER_USE_OMP""'), ('linux_nrnmech', 'no'), ('MPICXX', 'mpic++'), ('CXX', 'mpic++'), ('CC', 'mpicc')})",1,24.0,3.0,../specials/x86_64/special -mpi,../hoc/bench_main.hoc,250.0,16.0,,frozenset(),33755,False,False,60.95762
66,../nrn-7.2,../specials,"frozenset({'--with-multisend', '--enable-shared=no', '--enable-static=yes', '--with-paranrn', '--without-x', '--without-iv', '--with-mpi', '--without-nrnoc-x11'})","frozenset({('MPICC', 'mpicc'), ('CFLAGS', '""-O3 -fopenmp -DKPLUS -DKPLUS_GATHER_SCATTER -DKPLUS_SPAWN -DCLUSTER_USE_OMP""'), ('use_pthread', 'no'), ('CXXFLAGS', '""-O3 -fopenmp -DKPLUS -DKPLUS_GATHER_SCATTER -DKPLUS_SPAWN -DCLUSTER_USE_OMP""'), ('linux_nrnmech', 'no'), ('MPICXX', 'mpic++'), ('CXX', 'mpic++'), ('CC', 'mpicc')})",1,23.0,3.0,../specials/x86_64/special -mpi,../hoc/bench_main.hoc,250.0,16.0,,frozenset(),33754,False,False,64.11436
67,../nrn-7.2,../specials,"frozenset({'--with-multisend', '--enable-shared=no', '--enable-static=yes', '--with-paranrn', '--without-x', '--without-iv', '--with-mpi', '--without-nrnoc-x11'})","frozenset({('MPICC', 'mpicc'), ('CFLAGS', '""-O3 -fopenmp -DKPLUS -DKPLUS_GATHER_SCATTER -DKPLUS_SPAWN -DCLUSTER_USE_OMP""'), ('use_pthread', 'no'), ('CXXFLAGS', '""-O3 -fopenmp -DKPLUS -DKPLUS_GATHER_SCATTER -DKPLUS_SPAWN -DCLUSTER_USE_OMP""'), ('linux_nrnmech', 'no'), ('MPICXX', 'mpic++'), ('CXX', 'mpic++'), ('CC', 'mpicc')})",1,28.0,2.0,../specials/x86_64/special -mpi,../hoc/bench_main.hoc,250.0,16.0,,frozenset(),33753,False,False,54.80223
68,../nrn-7.2,../specials,"frozenset({'--with-multisend', '--enable-shared=no', '--enable-static=yes', '--with-paranrn', '--without-x', '--without-iv', '--with-mpi', '--without-nrnoc-x11'})","frozenset({('MPICC', 'mpicc'), ('CFLAGS', '""-O3 -fopenmp -DKPLUS -DKPLUS_GATHER_SCATTER -DKPLUS_SPAWN -DCLUSTER_USE_OMP""'), ('use_pthread', 'no'), ('CXXFLAGS', '""-O3 -fopenmp -DKPLUS -DKPLUS_GATHER_SCATTER -DKPLUS_SPAWN -DCLUSTER_USE_OMP""'), ('linux_nrnmech', 'no'), ('MPICXX', 'mpic++'), ('CXX', 'mpic++'), ('CC', 'mpicc')})",1,27.0,2.0,../specials/x86_64/special -mpi,../hoc/bench_main.hoc,250.0,16.0,,frozenset(),33752,False,False,63.17742
69,../nrn-7.2,../specials,"frozenset({'--with-multisend', '--enable-shared=no', '--enable-static=yes', '--with-paranrn', '--without-x', '--without-iv', '--with-mpi', '--without-nrnoc-x11'})","frozenset({('MPICC', 'mpicc'), ('CFLAGS', '""-O3 -fopenmp -DKPLUS -DKPLUS_GATHER_SCATTER -DKPLUS_SPAWN -DCLUSTER_USE_OMP""'), ('use_pthread', 'no'), ('CXXFLAGS', '""-O3 -fopenmp -DKPLUS -DKPLUS_GATHER_SCATTER -DKPLUS_SPAWN -DCLUSTER_USE_OMP""'), ('linux_nrnmech', 'no'), ('MPICXX', 'mpic++'), ('CXX', 'mpic++'), ('CC', 'mpicc')})",1,26.0,2.0,../specials/x86_64/special -mpi,../hoc/bench_main.hoc,250.0,16.0,,frozenset(),33751,False,False,53.96335
70,../nrn-7.2,../specials,"frozenset({'--with-multisend', '--enable-shared=no', '--enable-static=yes', '--with-paranrn', '--without-x', '--without-iv', '--with-mpi', '--without-nrnoc-x11'})","frozenset({('MPICC', 'mpicc'), ('CFLAGS', '""-O3 -fopenmp -DKPLUS -DKPLUS_GATHER_SCATTER -DKPLUS_SPAWN -DCLUSTER_USE_OMP""'), ('use_pthread', 'no'), ('CXXFLAGS', '""-O3 -fopenmp -DKPLUS -DKPLUS_GATHER_SCATTER -DKPLUS_SPAWN -DCLUSTER_USE_OMP""'), ('linux_nrnmech', 'no'), ('MPICXX', 'mpic++'), ('CXX', 'mpic++'), ('CC', 'mpicc')})",1,25.0,2.0,../specials/x86_64/special -mpi,../hoc/bench_main.hoc,250.0,16.0,,frozenset(),33750,False,False,59.998760000000004
71,../nrn-7.2,../specials,"frozenset({'--with-multisend', '--enable-shared=no', '--enable-static=yes', '--with-paranrn', '--without-x', '--without-iv', '--with-mpi', '--without-nrnoc-x11'})","frozenset({('MPICC', 'mpicc'), ('CFLAGS', '""-O3 -fopenmp -DKPLUS -DKPLUS_GATHER_SCATTER -DKPLUS_SPAWN -DCLUSTER_USE_OMP""'), ('use_pthread', 'no'), ('CXXFLAGS', '""-O3 -fopenmp -DKPLUS -DKPLUS_GATHER_SCATTER -DKPLUS_SPAWN -DCLUSTER_USE_OMP""'), ('linux_nrnmech', 'no'), ('MPICXX', 'mpic++'), ('CXX', 'mpic++'), ('CC', 'mpicc')})",1,24.0,2.0,../specials/x86_64/special -mpi,../hoc/bench_main.hoc,250.0,16.0,,frozenset(),33749,False,False,53.63447
72,../nrn-7.2,../specials,"frozenset({'--with-multisend', '--enable-shared=no', '--enable-static=yes', '--with-paranrn', '--without-x', '--without-iv', '--with-mpi', '--without-nrnoc-x11'})","frozenset({('MPICC', 'mpicc'), ('CFLAGS', '""-O3 -fopenmp -DKPLUS -DKPLUS_GATHER_SCATTER -DKPLUS_SPAWN -DCLUSTER_USE_OMP""'), ('use_pthread', 'no'), ('CXXFLAGS', '""-O3 -fopenmp -DKPLUS -DKPLUS_GATHER_SCATTER -DKPLUS_SPAWN -DCLUSTER_USE_OMP""'), ('linux_nrnmech', 'no'), ('MPICXX', 'mpic++'), ('CXX', 'mpic++'), ('CC', 'mpicc')})",1,23.0,2.0,../specials/x86_64/special -mpi,../hoc/bench_main.hoc,250.0,16.0,,frozenset(),33748,False,False,60.28163
73,../nrn-7.2,../specials,"frozenset({'--with-multisend', '--enable-shared=no', '--enable-static=yes', '--with-paranrn', '--without-x', '--without-iv', '--with-mpi', '--without-nrnoc-x11'})","frozenset({('MPICC', 'mpicc'), ('CFLAGS', '""-O3 -fopenmp -DKPLUS -DKPLUS_GATHER_SCATTER -DKPLUS_SPAWN -DCLUSTER_USE_OMP""'), ('use_pthread', 'no'), ('CXXFLAGS', '""-O3 -fopenmp -DKPLUS -DKPLUS_GATHER_SCATTER -DKPLUS_SPAWN -DCLUSTER_USE_OMP""'), ('linux_nrnmech', 'no'), ('MPICXX', 'mpic++'), ('CXX', 'mpic++'), ('CC', 'mpicc')})",1,28.0,1.0,../specials/x86_64/special -mpi,../hoc/bench_main.hoc,250.0,16.0,,frozenset(),33747,False,False,52.79139
74,../nrn-7.2,../specials,"frozenset({'--with-multisend', '--enable-shared=no', '--enable-static=yes', '--with-paranrn', '--without-x', '--without-iv', '--with-mpi', '--without-nrnoc-x11'})","frozenset({('MPICC', 'mpicc'), ('CFLAGS', '""-O3 -fopenmp -DKPLUS -DKPLUS_GATHER_SCATTER -DKPLUS_SPAWN -DCLUSTER_USE_OMP""'), ('use_pthread', 'no'), ('CXXFLAGS', '""-O3 -fopenmp -DKPLUS -DKPLUS_GATHER_SCATTER -DKPLUS_SPAWN -DCLUSTER_USE_OMP""'), ('linux_nrnmech', 'no'), ('MPICXX', 'mpic++'), ('CXX', 'mpic++'), ('CC', 'mpicc')})",1,27.0,1.0,../specials/x86_64/special -mpi,../hoc/bench_main.hoc,250.0,16.0,,frozenset(),33746,False,False,52.05076
75,../nrn-7.2,../specials,"frozenset({'--with-multisend', '--enable-shared=no', '--enable-static=yes', '--with-paranrn', '--without-x', '--without-iv', '--with-mpi', '--without-nrnoc-x11'})","frozenset({('MPICC', 'mpicc'), ('CFLAGS', '""-O3 -fopenmp -DKPLUS -DKPLUS_GATHER_SCATTER -DKPLUS_SPAWN -DCLUSTER_USE_OMP""'), ('use_pthread', 'no'), ('CXXFLAGS', '""-O3 -fopenmp -DKPLUS -DKPLUS_GATHER_SCATTER -DKPLUS_SPAWN -DCLUSTER_USE_OMP""'), ('linux_nrnmech', 'no'), ('MPICXX', 'mpic++'), ('CXX', 'mpic++'), ('CC', 'mpicc')})",1,26.0,1.0,../specials/x86_64/special -mpi,../hoc/bench_main.hoc,250.0,16.0,,frozenset(),33745,False,False,58.78981
76,../nrn-7.2,../specials,"frozenset({'--with-multisend', '--enable-shared=no', '--enable-static=yes', '--with-paranrn', '--without-x', '--without-iv', '--with-mpi', '--without-nrnoc-x11'})","frozenset({('MPICC', 'mpicc'), ('CFLAGS', '""-O3 -fopenmp -DKPLUS -DKPLUS_GATHER_SCATTER -DKPLUS_SPAWN -DCLUSTER_USE_OMP""'), ('use_pthread', 'no'), ('CXXFLAGS', '""-O3 -fopenmp -DKPLUS -DKPLUS_GATHER_SCATTER -DKPLUS_SPAWN -DCLUSTER_USE_OMP""'), ('linux_nrnmech', 'no'), ('MPICXX', 'mpic++'), ('CXX', 'mpic++'), ('CC', 'mpicc')})",1,25.0,1.0,../specials/x86_64/special -mpi,../hoc/bench_main.hoc,250.0,16.0,,frozenset(),33744,False,False,54.63441
77,../nrn-7.2,../specials,"frozenset({'--with-multisend', '--enable-shared=no', '--enable-static=yes', '--with-paranrn', '--without-x', '--without-iv', '--with-mpi', '--without-nrnoc-x11'})","frozenset({('MPICC', 'mpicc'), ('CFLAGS', '""-O3 -fopenmp -DKPLUS -DKPLUS_GATHER_SCATTER -DKPLUS_SPAWN -DCLUSTER_USE_OMP""'), ('use_pthread', 'no'), ('CXXFLAGS', '""-O3 -fopenmp -DKPLUS -DKPLUS_GATHER_SCATTER -DKPLUS_SPAWN -DCLUSTER_USE_OMP""'), ('linux_nrnmech', 'no'), ('MPICXX', 'mpic++'), ('CXX', 'mpic++'), ('CC', 'mpicc')})",1,24.0,1.0,../specials/x86_64/special -mpi,../hoc/bench_main.hoc,250.0,16.0,,frozenset(),33743,False,False,61.53532
78,../nrn-7.2,../specials,"frozenset({'--with-multisend', '--enable-shared=no', '--enable-static=yes', '--with-paranrn', '--without-x', '--without-iv', '--with-mpi', '--without-nrnoc-x11'})","frozenset({('MPICC', 'mpicc'), ('CFLAGS', '""-O3 -fopenmp -DKPLUS -DKPLUS_GATHER_SCATTER -DKPLUS_SPAWN -DCLUSTER_USE_OMP""'), ('use_pthread', 'no'), ('CXXFLAGS', '""-O3 -fopenmp -DKPLUS -DKPLUS_GATHER_SCATTER -DKPLUS_SPAWN -DCLUSTER_USE_OMP""'), ('linux_nrnmech', 'no'), ('MPICXX', 'mpic++'), ('CXX', 'mpic++'), ('CC', 'mpicc')})",1,23.0,1.0,../specials/x86_64/special -mpi,../hoc/bench_main.hoc,250.0,16.0,,frozenset(),33742,False,True,66.73665
79,../nrn-7.2,../specials,"frozenset({'--with-multisend', '--enable-shared=no', '--enable-static=yes', '--with-paranrn', '--without-x', '--without-iv', '--with-mpi', '--without-nrnoc-x11'})","frozenset({('MPICC', 'mpicc'), ('CFLAGS', '""-O3 -fopenmp -DKPLUS -DKPLUS_GATHER_SCATTER -DKPLUS_SPAWN -DCLUSTER_USE_OMP""'), ('use_pthread', 'no'), ('CXXFLAGS', '""-O3 -fopenmp -DKPLUS -DKPLUS_GATHER_SCATTER -DKPLUS_SPAWN -DCLUSTER_USE_OMP""'), ('linux_nrnmech', 'no'), ('MPICXX', 'mpic++'), ('CXX', 'mpic++'), ('CC', 'mpicc')})",1,28.0,16.0,../specials/x86_64/special -mpi,../hoc/bench_main.hoc,250.0,16.0,,frozenset(),33741,False,True,55.82707
80,../nrn-7.2,../specials,"frozenset({'--with-multisend', '--enable-shared=no', '--enable-static=yes', '--with-paranrn', '--without-x', '--without-iv', '--with-mpi', '--without-nrnoc-x11'})","frozenset({('MPICC', 'mpicc'), ('CFLAGS', '""-O3 -fopenmp -DKPLUS -DKPLUS_GATHER_SCATTER -DKPLUS_SPAWN -DCLUSTER_USE_OMP""'), ('use_pthread', 'no'), ('CXXFLAGS', '""-O3 -fopenmp -DKPLUS -DKPLUS_GATHER_SCATTER -DKPLUS_SPAWN -DCLUSTER_USE_OMP""'), ('linux_nrnmech', 'no'), ('MPICXX', 'mpic++'), ('CXX', 'mpic++'), ('CC', 'mpicc')})",1,27.0,16.0,../specials/x86_64/special -mpi,../hoc/bench_main.hoc,250.0,16.0,,frozenset(),33740,False,True,68.06994
81,../nrn-7.2,../specials,"frozenset({'--with-multisend', '--enable-shared=no', '--enable-static=yes', '--with-paranrn', '--without-x', '--without-iv', '--with-mpi', '--without-nrnoc-x11'})","frozenset({('MPICC', 'mpicc'), ('CFLAGS', '""-O3 -fopenmp -DKPLUS -DKPLUS_GATHER_SCATTER -DKPLUS_SPAWN -DCLUSTER_USE_OMP""'), ('use_pthread', 'no'), ('CXXFLAGS', '""-O3 -fopenmp -DKPLUS -DKPLUS_GATHER_SCATTER -DKPLUS_SPAWN -DCLUSTER_USE_OMP""'), ('linux_nrnmech', 'no'), ('MPICXX', 'mpic++'), ('CXX', 'mpic++'), ('CC', 'mpicc')})",1,26.0,16.0,../specials/x86_64/special -mpi,../hoc/bench_main.hoc,250.0,16.0,,frozenset(),33739,False,True,50.38332
82,../nrn-7.2,../specials,"frozenset({'--with-multisend', '--enable-shared=no', '--enable-static=yes', '--with-paranrn', '--without-x', '--without-iv', '--with-mpi', '--without-nrnoc-x11'})","frozenset({('MPICC', 'mpicc'), ('CFLAGS', '""-O3 -fopenmp -DKPLUS -DKPLUS_GATHER_SCATTER -DKPLUS_SPAWN -DCLUSTER_USE_OMP""'), ('use_pthread', 'no'), ('CXXFLAGS', '""-O3 -fopenmp -DKPLUS -DKPLUS_GATHER_SCATTER -DKPLUS_SPAWN -DCLUSTER_USE_OMP""'), ('linux_nrnmech', 'no'), ('MPICXX', 'mpic++'), ('CXX', 'mpic++'), ('CC', 'mpicc')})",1,25.0,16.0,../specials/x86_64/special -mpi,../hoc/bench_main.hoc,250.0,16.0,,frozenset(),33738,False,True,57.34823
83,../nrn-7.2,../specials,"frozenset({'--with-multisend', '--enable-shared=no', '--enable-static=yes', '--with-paranrn', '--without-x', '--without-iv', '--with-mpi', '--without-nrnoc-x11'})","frozenset({('MPICC', 'mpicc'), ('CFLAGS', '""-O3 -fopenmp -DKPLUS -DKPLUS_GATHER_SCATTER -DKPLUS_SPAWN -DCLUSTER_USE_OMP""'), ('use_pthread', 'no'), ('CXXFLAGS', '""-O3 -fopenmp -DKPLUS -DKPLUS_GATHER_SCATTER -DKPLUS_SPAWN -DCLUSTER_USE_OMP""'), ('linux_nrnmech', 'no'), ('MPICXX', 'mpic++'), ('CXX', 'mpic++'), ('CC', 'mpicc')})",1,24.0,16.0,../specials/x86_64/special -mpi,../hoc/bench_main.hoc,250.0,16.0,,frozenset(),33737,False,True,62.51776
84,../nrn-7.2,../specials,"frozenset({'--with-multisend', '--enable-shared=no', '--enable-static=yes', '--with-paranrn', '--without-x', '--without-iv', '--with-mpi', '--without-nrnoc-x11'})","frozenset({('MPICC', 'mpicc'), ('CFLAGS', '""-O3 -fopenmp -DKPLUS -DKPLUS_GATHER_SCATTER -DKPLUS_SPAWN -DCLUSTER_USE_OMP""'), ('use_pthread', 'no'), ('CXXFLAGS', '""-O3 -fopenmp -DKPLUS -DKPLUS_GATHER_SCATTER -DKPLUS_SPAWN -DCLUSTER_USE_OMP""'), ('linux_nrnmech', 'no'), ('MPICXX', 'mpic++'), ('CXX', 'mpic++'), ('CC', 'mpicc')})",1,23.0,16.0,../specials/x86_64/special -mpi,../hoc/bench_main.hoc,250.0,16.0,,frozenset(),33736,False,True,68.87827
85,../nrn-7.2,../specials,"frozenset({'--with-multisend', '--enable-shared=no', '--enable-static=yes', '--with-paranrn', '--without-x', '--without-iv', '--with-mpi', '--without-nrnoc-x11'})","frozenset({('MPICC', 'mpicc'), ('CFLAGS', '""-O3 -fopenmp -DKPLUS -DKPLUS_GATHER_SCATTER -DKPLUS_SPAWN -DCLUSTER_USE_OMP""'), ('use_pthread', 'no'), ('CXXFLAGS', '""-O3 -fopenmp -DKPLUS -DKPLUS_GATHER_SCATTER -DKPLUS_SPAWN -DCLUSTER_USE_OMP""'), ('linux_nrnmech', 'no'), ('MPICXX', 'mpic++'), ('CXX', 'mpic++'), ('CC', 'mpicc')})",1,28.0,14.0,../specials/x86_64/special -mpi,../hoc/bench_main.hoc,250.0,16.0,,frozenset(),33735,False,True,113.09817
86,../nrn-7.2,../specials,"frozenset({'--with-multisend', '--enable-shared=no', '--enable-static=yes', '--with-paranrn', '--without-x', '--without-iv', '--with-mpi', '--without-nrnoc-x11'})","frozenset({('MPICC', 'mpicc'), ('CFLAGS', '""-O3 -fopenmp -DKPLUS -DKPLUS_GATHER_SCATTER -DKPLUS_SPAWN -DCLUSTER_USE_OMP""'), ('use_pthread', 'no'), ('CXXFLAGS', '""-O3 -fopenmp -DKPLUS -DKPLUS_GATHER_SCATTER -DKPLUS_SPAWN -DCLUSTER_USE_OMP""'), ('linux_nrnmech', 'no'), ('MPICXX', 'mpic++'), ('CXX', 'mpic++'), ('CC', 'mpicc')})",1,27.0,14.0,../specials/x86_64/special -mpi,../hoc/bench_main.hoc,250.0,16.0,,frozenset(),33734,False,True,59.6987
87,../nrn-7.2,../specials,"frozenset({'--with-multisend', '--enable-shared=no', '--enable-static=yes', '--with-paranrn', '--without-x', '--without-iv', '--with-mpi', '--without-nrnoc-x11'})","frozenset({('MPICC', 'mpicc'), ('CFLAGS', '""-O3 -fopenmp -DKPLUS -DKPLUS_GATHER_SCATTER -DKPLUS_SPAWN -DCLUSTER_USE_OMP""'), ('use_pthread', 'no'), ('CXXFLAGS', '""-O3 -fopenmp -DKPLUS -DKPLUS_GATHER_SCATTER -DKPLUS_SPAWN -DCLUSTER_USE_OMP""'), ('linux_nrnmech', 'no'), ('MPICXX', 'mpic++'), ('CXX', 'mpic++'), ('CC', 'mpicc')})",1,26.0,14.0,../specials/x86_64/special -mpi,../hoc/bench_main.hoc,250.0,16.0,,frozenset(),33733,False,True,73.25198
88,../nrn-7.2,../specials,"frozenset({'--with-multisend', '--enable-shared=no', '--enable-static=yes', '--with-paranrn', '--without-x', '--without-iv', '--with-mpi', '--without-nrnoc-x11'})","frozenset({('MPICC', 'mpicc'), ('CFLAGS', '""-O3 -fopenmp -DKPLUS -DKPLUS_GATHER_SCATTER -DKPLUS_SPAWN -DCLUSTER_USE_OMP""'), ('use_pthread', 'no'), ('CXXFLAGS', '""-O3 -fopenmp -DKPLUS -DKPLUS_GATHER_SCATTER -DKPLUS_SPAWN -DCLUSTER_USE_OMP""'), ('linux_nrnmech', 'no'), ('MPICXX', 'mpic++'), ('CXX', 'mpic++'), ('CC', 'mpicc')})",1,25.0,14.0,../specials/x86_64/special -mpi,../hoc/bench_main.hoc,250.0,16.0,,frozenset(),33732,False,True,66.00812
89,../nrn-7.2,../specials,"frozenset({'--with-multisend', '--enable-shared=no', '--enable-static=yes', '--with-paranrn', '--without-x', '--without-iv', '--with-mpi', '--without-nrnoc-x11'})","frozenset({('MPICC', 'mpicc'), ('CFLAGS', '""-O3 -fopenmp -DKPLUS -DKPLUS_GATHER_SCATTER -DKPLUS_SPAWN -DCLUSTER_USE_OMP""'), ('use_pthread', 'no'), ('CXXFLAGS', '""-O3 -fopenmp -DKPLUS -DKPLUS_GATHER_SCATTER -DKPLUS_SPAWN -DCLUSTER_USE_OMP""'), ('linux_nrnmech', 'no'), ('MPICXX', 'mpic++'), ('CXX', 'mpic++'), ('CC', 'mpicc')})",1,24.0,14.0,../specials/x86_64/special -mpi,../hoc/bench_main.hoc,250.0,16.0,,frozenset(),33731,False,True,62.98039
90,../nrn-7.2,../specials,"frozenset({'--with-multisend', '--enable-shared=no', '--enable-static=yes', '--with-paranrn', '--without-x', '--without-iv', '--with-mpi', '--without-nrnoc-x11'})","frozenset({('MPICC', 'mpicc'), ('CFLAGS', '""-O3 -fopenmp -DKPLUS -DKPLUS_GATHER_SCATTER -DKPLUS_SPAWN -DCLUSTER_USE_OMP""'), ('use_pthread', 'no'), ('CXXFLAGS', '""-O3 -fopenmp -DKPLUS -DKPLUS_GATHER_SCATTER -DKPLUS_SPAWN -DCLUSTER_USE_OMP""'), ('linux_nrnmech', 'no'), ('MPICXX', 'mpic++'), ('CXX', 'mpic++'), ('CC', 'mpicc')})",1,23.0,14.0,../specials/x86_64/special -mpi,../hoc/bench_main.hoc,250.0,16.0,,frozenset(),33730,False,True,65.15017
91,../nrn-7.2,../specials,"frozenset({'--with-multisend', '--enable-shared=no', '--enable-static=yes', '--with-paranrn', '--without-x', '--without-iv', '--with-mpi', '--without-nrnoc-x11'})","frozenset({('MPICC', 'mpicc'), ('CFLAGS', '""-O3 -fopenmp -DKPLUS -DKPLUS_GATHER_SCATTER -DKPLUS_SPAWN -DCLUSTER_USE_OMP""'), ('use_pthread', 'no'), ('CXXFLAGS', '""-O3 -fopenmp -DKPLUS -DKPLUS_GATHER_SCATTER -DKPLUS_SPAWN -DCLUSTER_USE_OMP""'), ('linux_nrnmech', 'no'), ('MPICXX', 'mpic++'), ('CXX', 'mpic++'), ('CC', 'mpicc')})",1,28.0,13.0,../specials/x86_64/special -mpi,../hoc/bench_main.hoc,250.0,16.0,,frozenset(),33729,False,True,113.1132
92,../nrn-7.2,../specials,"frozenset({'--with-multisend', '--enable-shared=no', '--enable-static=yes', '--with-paranrn', '--without-x', '--without-iv', '--with-mpi', '--without-nrnoc-x11'})","frozenset({('MPICC', 'mpicc'), ('CFLAGS', '""-O3 -fopenmp -DKPLUS -DKPLUS_GATHER_SCATTER -DKPLUS_SPAWN -DCLUSTER_USE_OMP""'), ('use_pthread', 'no'), ('CXXFLAGS', '""-O3 -fopenmp -DKPLUS -DKPLUS_GATHER_SCATTER -DKPLUS_SPAWN -DCLUSTER_USE_OMP""'), ('linux_nrnmech', 'no'), ('MPICXX', 'mpic++'), ('CXX', 'mpic++'), ('CC', 'mpicc')})",1,27.0,13.0,../specials/x86_64/special -mpi,../hoc/bench_main.hoc,250.0,16.0,,frozenset(),33728,False,True,57.47285
93,../nrn-7.2,../specials,"frozenset({'--with-multisend', '--enable-shared=no', '--enable-static=yes', '--with-paranrn', '--without-x', '--without-iv', '--with-mpi', '--without-nrnoc-x11'})","frozenset({('MPICC', 'mpicc'), ('CFLAGS', '""-O3 -fopenmp -DKPLUS -DKPLUS_GATHER_SCATTER -DKPLUS_SPAWN -DCLUSTER_USE_OMP""'), ('use_pthread', 'no'), ('CXXFLAGS', '""-O3 -fopenmp -DKPLUS -DKPLUS_GATHER_SCATTER -DKPLUS_SPAWN -DCLUSTER_USE_OMP""'), ('linux_nrnmech', 'no'), ('MPICXX', 'mpic++'), ('CXX', 'mpic++'), ('CC', 'mpicc')})",1,26.0,13.0,../specials/x86_64/special -mpi,../hoc/bench_main.hoc,250.0,16.0,,frozenset(),33727,False,True,58.20888
94,../nrn-7.2,../specials,"frozenset({'--with-multisend', '--enable-shared=no', '--enable-static=yes', '--with-paranrn', '--without-x', '--without-iv', '--with-mpi', '--without-nrnoc-x11'})","frozenset({('MPICC', 'mpicc'), ('CFLAGS', '""-O3 -fopenmp -DKPLUS -DKPLUS_GATHER_SCATTER -DKPLUS_SPAWN -DCLUSTER_USE_OMP""'), ('use_pthread', 'no'), ('CXXFLAGS', '""-O3 -fopenmp -DKPLUS -DKPLUS_GATHER_SCATTER -DKPLUS_SPAWN -DCLUSTER_USE_OMP""'), ('linux_nrnmech', 'no'), ('MPICXX', 'mpic++'), ('CXX', 'mpic++'), ('CC', 'mpicc')})",1,25.0,13.0,../specials/x86_64/special -mpi,../hoc/bench_main.hoc,250.0,16.0,,frozenset(),33726,False,True,63.05785
95,../nrn-7.2,../specials,"frozenset({'--with-multisend', '--enable-shared=no', '--enable-static=yes', '--with-paranrn', '--without-x', '--without-iv', '--with-mpi', '--without-nrnoc-x11'})","frozenset({('MPICC', 'mpicc'), ('CFLAGS', '""-O3 -fopenmp -DKPLUS -DKPLUS_GATHER_SCATTER -DKPLUS_SPAWN -DCLUSTER_USE_OMP""'), ('use_pthread', 'no'), ('CXXFLAGS', '""-O3 -fopenmp -DKPLUS -DKPLUS_GATHER_SCATTER -DKPLUS_SPAWN -DCLUSTER_USE_OMP""'), ('linux_nrnmech', 'no'), ('MPICXX', 'mpic++'), ('CXX', 'mpic++'), ('CC', 'mpicc')})",1,24.0,13.0,../specials/x86_64/special -mpi,../hoc/bench_main.hoc,250.0,16.0,,frozenset(),33725,False,True,69.30552
96,../nrn-7.2,../specials,"frozenset({'--with-multisend', '--enable-shared=no', '--enable-static=yes', '--with-paranrn', '--without-x', '--without-iv', '--with-mpi', '--without-nrnoc-x11'})","frozenset({('MPICC', 'mpicc'), ('CFLAGS', '""-O3 -fopenmp -DKPLUS -DKPLUS_GATHER_SCATTER -DKPLUS_SPAWN -DCLUSTER_USE_OMP""'), ('use_pthread', 'no'), ('CXXFLAGS', '""-O3 -fopenmp -DKPLUS -DKPLUS_GATHER_SCATTER -DKPLUS_SPAWN -DCLUSTER_USE_OMP""'), ('linux_nrnmech', 'no'), ('MPICXX', 'mpic++'), ('CXX', 'mpic++'), ('CC', 'mpicc')})",1,23.0,13.0,../specials/x86_64/special -mpi,../hoc/bench_main.hoc,250.0,16.0,,frozenset(),33724,False,True,62.93567
97,../nrn-7.2,../specials,"frozenset({'--with-multisend', '--enable-shared=no', '--enable-static=yes', '--with-paranrn', '--without-x', '--without-iv', '--with-mpi', '--without-nrnoc-x11'})","frozenset({('MPICC', 'mpicc'), ('CFLAGS', '""-O3 -fopenmp -DKPLUS -DKPLUS_GATHER_SCATTER -DKPLUS_SPAWN -DCLUSTER_USE_OMP""'), ('use_pthread', 'no'), ('CXXFLAGS', '""-O3 -fopenmp -DKPLUS -DKPLUS_GATHER_SCATTER -DKPLUS_SPAWN -DCLUSTER_USE_OMP""'), ('linux_nrnmech', 'no'), ('MPICXX', 'mpic++'), ('CXX', 'mpic++'), ('CC', 'mpicc')})",1,28.0,11.0,../specials/x86_64/special -mpi,../hoc/bench_main.hoc,250.0,16.0,,frozenset(),33723,False,True,54.9546
98,../nrn-7.2,../specials,"frozenset({'--with-multisend', '--enable-shared=no', '--enable-static=yes', '--with-paranrn', '--without-x', '--without-iv', '--with-mpi', '--without-nrnoc-x11'})","frozenset({('MPICC', 'mpicc'), ('CFLAGS', '""-O3 -fopenmp -DKPLUS -DKPLUS_GATHER_SCATTER -DKPLUS_SPAWN -DCLUSTER_USE_OMP""'), ('use_pthread', 'no'), ('CXXFLAGS', '""-O3 -fopenmp -DKPLUS -DKPLUS_GATHER_SCATTER -DKPLUS_SPAWN -DCLUSTER_USE_OMP""'), ('linux_nrnmech', 'no'), ('MPICXX', 'mpic++'), ('CXX', 'mpic++'), ('CC', 'mpicc')})",1,27.0,11.0,../specials/x86_64/special -mpi,../hoc/bench_main.hoc,250.0,16.0,,frozenset(),33722,False,True,59.87406
99,../nrn-7.2,../specials,"frozenset({'--with-multisend', '--enable-shared=no', '--enable-static=yes', '--with-paranrn', '--without-x', '--without-iv', '--with-mpi', '--without-nrnoc-x11'})","frozenset({('MPICC', 'mpicc'), ('CFLAGS', '""-O3 -fopenmp -DKPLUS -DKPLUS_GATHER_SCATTER -DKPLUS_SPAWN -DCLUSTER_USE_OMP""'), ('use_pthread', 'no'), ('CXXFLAGS', '""-O3 -fopenmp -DKPLUS -DKPLUS_GATHER_SCATTER -DKPLUS_SPAWN -DCLUSTER_USE_OMP""'), ('linux_nrnmech', 'no'), ('MPICXX', 'mpic++'), ('CXX', 'mpic++'), ('CC', 'mpicc')})",1,26.0,11.0,../specials/x86_64/special -mpi,../hoc/bench_main.hoc,250.0,16.0,,frozenset(),33721,False,True,57.5229
100,../nrn-7.2,../specials,"frozenset({'--with-multisend', '--enable-shared=no', '--enable-static=yes', '--with-paranrn', '--without-x', '--without-iv', '--with-mpi', '--without-nrnoc-x11'})","frozenset({('MPICC', 'mpicc'), ('CFLAGS', '""-O3 -fopenmp -DKPLUS -DKPLUS_GATHER_SCATTER -DKPLUS_SPAWN -DCLUSTER_USE_OMP""'), ('use_pthread', 'no'), ('CXXFLAGS', '""-O3 -fopenmp -DKPLUS -DKPLUS_GATHER_SCATTER -DKPLUS_SPAWN -DCLUSTER_USE_OMP""'), ('linux_nrnmech', 'no'), ('MPICXX', 'mpic++'), ('CXX', 'mpic++'), ('CC', 'mpicc')})",1,25.0,11.0,../specials/x86_64/special -mpi,../hoc/bench_main.hoc,250.0,16.0,,frozenset(),33720,False,True,59.60244
101,../nrn-7.2,../specials,"frozenset({'--with-multisend', '--enable-shared=no', '--enable-static=yes', '--with-paranrn', '--without-x', '--without-iv', '--with-mpi', '--without-nrnoc-x11'})","frozenset({('MPICC', 'mpicc'), ('CFLAGS', '""-O3 -fopenmp -DKPLUS -DKPLUS_GATHER_SCATTER -DKPLUS_SPAWN -DCLUSTER_USE_OMP""'), ('use_pthread', 'no'), ('CXXFLAGS', '""-O3 -fopenmp -DKPLUS -DKPLUS_GATHER_SCATTER -DKPLUS_SPAWN -DCLUSTER_USE_OMP""'), ('linux_nrnmech', 'no'), ('MPICXX', 'mpic++'), ('CXX', 'mpic++'), ('CC', 'mpicc')})",1,24.0,11.0,../specials/x86_64/special -mpi,../hoc/bench_main.hoc,250.0,16.0,,frozenset(),33719,False,True,60.95411
102,../nrn-7.2,../specials,"frozenset({'--with-multisend', '--enable-shared=no', '--enable-static=yes', '--with-paranrn', '--without-x', '--without-iv', '--with-mpi', '--without-nrnoc-x11'})","frozenset({('MPICC', 'mpicc'), ('CFLAGS', '""-O3 -fopenmp -DKPLUS -DKPLUS_GATHER_SCATTER -DKPLUS_SPAWN -DCLUSTER_USE_OMP""'), ('use_pthread', 'no'), ('CXXFLAGS', '""-O3 -fopenmp -DKPLUS -DKPLUS_GATHER_SCATTER -DKPLUS_SPAWN -DCLUSTER_USE_OMP""'), ('linux_nrnmech', 'no'), ('MPICXX', 'mpic++'), ('CXX', 'mpic++'), ('CC', 'mpicc')})",1,23.0,11.0,../specials/x86_64/special -mpi,../hoc/bench_main.hoc,250.0,16.0,,frozenset(),33718,False,True,62.26008
103,../nrn-7.2,../specials,"frozenset({'--with-multisend', '--enable-shared=no', '--enable-static=yes', '--with-paranrn', '--without-x', '--without-iv', '--with-mpi', '--without-nrnoc-x11'})","frozenset({('MPICC', 'mpicc'), ('CFLAGS', '""-O3 -fopenmp -DKPLUS -DKPLUS_GATHER_SCATTER -DKPLUS_SPAWN -DCLUSTER_USE_OMP""'), ('use_pthread', 'no'), ('CXXFLAGS', '""-O3 -fopenmp -DKPLUS -DKPLUS_GATHER_SCATTER -DKPLUS_SPAWN -DCLUSTER_USE_OMP""'), ('linux_nrnmech', 'no'), ('MPICXX', 'mpic++'), ('CXX', 'mpic++'), ('CC', 'mpicc')})",1,28.0,9.0,../specials/x86_64/special -mpi,../hoc/bench_main.hoc,250.0,16.0,,frozenset(),33717,False,True,51.00473
104,../nrn-7.2,../specials,"frozenset({'--with-multisend', '--enable-shared=no', '--enable-static=yes', '--with-paranrn', '--without-x', '--without-iv', '--with-mpi', '--without-nrnoc-x11'})","frozenset({('MPICC', 'mpicc'), ('CFLAGS', '""-O3 -fopenmp -DKPLUS -DKPLUS_GATHER_SCATTER -DKPLUS_SPAWN -DCLUSTER_USE_OMP""'), ('use_pthread', 'no'), ('CXXFLAGS', '""-O3 -fopenmp -DKPLUS -DKPLUS_GATHER_SCATTER -DKPLUS_SPAWN -DCLUSTER_USE_OMP""'), ('linux_nrnmech', 'no'), ('MPICXX', 'mpic++'), ('CXX', 'mpic++'), ('CC', 'mpicc')})",1,27.0,9.0,../specials/x86_64/special -mpi,../hoc/bench_main.hoc,250.0,16.0,,frozenset(),33716,False,True,58.86792
105,../nrn-7.2,../specials,"frozenset({'--with-multisend', '--enable-shared=no', '--enable-static=yes', '--with-paranrn', '--without-x', '--without-iv', '--with-mpi', '--without-nrnoc-x11'})","frozenset({('MPICC', 'mpicc'), ('CFLAGS', '""-O3 -fopenmp -DKPLUS -DKPLUS_GATHER_SCATTER -DKPLUS_SPAWN -DCLUSTER_USE_OMP""'), ('use_pthread', 'no'), ('CXXFLAGS', '""-O3 -fopenmp -DKPLUS -DKPLUS_GATHER_SCATTER -DKPLUS_SPAWN -DCLUSTER_USE_OMP""'), ('linux_nrnmech', 'no'), ('MPICXX', 'mpic++'), ('CXX', 'mpic++'), ('CC', 'mpicc')})",1,26.0,9.0,../specials/x86_64/special -mpi,../hoc/bench_main.hoc,250.0,16.0,,frozenset(),33715,False,True,58.88087
106,../nrn-7.2,../specials,"frozenset({'--with-multisend', '--enable-shared=no', '--enable-static=yes', '--with-paranrn', '--without-x', '--without-iv', '--with-mpi', '--without-nrnoc-x11'})","frozenset({('MPICC', 'mpicc'), ('CFLAGS', '""-O3 -fopenmp -DKPLUS -DKPLUS_GATHER_SCATTER -DKPLUS_SPAWN -DCLUSTER_USE_OMP""'), ('use_pthread', 'no'), ('CXXFLAGS', '""-O3 -fopenmp -DKPLUS -DKPLUS_GATHER_SCATTER -DKPLUS_SPAWN -DCLUSTER_USE_OMP""'), ('linux_nrnmech', 'no'), ('MPICXX', 'mpic++'), ('CXX', 'mpic++'), ('CC', 'mpicc')})",1,25.0,9.0,../specials/x86_64/special -mpi,../hoc/bench_main.hoc,250.0,16.0,,frozenset(),33714,False,True,60.15506
107,../nrn-7.2,../specials,"frozenset({'--with-multisend', '--enable-shared=no', '--enable-static=yes', '--with-paranrn', '--without-x', '--without-iv', '--with-mpi', '--without-nrnoc-x11'})","frozenset({('MPICC', 'mpicc'), ('CFLAGS', '""-O3 -fopenmp -DKPLUS -DKPLUS_GATHER_SCATTER -DKPLUS_SPAWN -DCLUSTER_USE_OMP""'), ('use_pthread', 'no'), ('CXXFLAGS', '""-O3 -fopenmp -DKPLUS -DKPLUS_GATHER_SCATTER -DKPLUS_SPAWN -DCLUSTER_USE_OMP""'), ('linux_nrnmech', 'no'), ('MPICXX', 'mpic++'), ('CXX', 'mpic++'), ('CC', 'mpicc')})",1,24.0,9.0,../specials/x86_64/special -mpi,../hoc/bench_main.hoc,250.0,16.0,,frozenset(),33713,False,True,56.59825
108,../nrn-7.2,../specials,"frozenset({'--with-multisend', '--enable-shared=no', '--enable-static=yes', '--with-paranrn', '--without-x', '--without-iv', '--with-mpi', '--without-nrnoc-x11'})","frozenset({('MPICC', 'mpicc'), ('CFLAGS', '""-O3 -fopenmp -DKPLUS -DKPLUS_GATHER_SCATTER -DKPLUS_SPAWN -DCLUSTER_USE_OMP""'), ('use_pthread', 'no'), ('CXXFLAGS', '""-O3 -fopenmp -DKPLUS -DKPLUS_GATHER_SCATTER -DKPLUS_SPAWN -DCLUSTER_USE_OMP""'), ('linux_nrnmech', 'no'), ('MPICXX', 'mpic++'), ('CXX', 'mpic++'), ('CC', 'mpicc')})",1,23.0,9.0,../specials/x86_64/special -mpi,../hoc/bench_main.hoc,250.0,16.0,,frozenset(),33712,False,True,65.63214
109,../nrn-7.2,../specials,"frozenset({'--with-multisend', '--enable-shared=no', '--enable-static=yes', '--with-paranrn', '--without-x', '--without-iv', '--with-mpi', '--without-nrnoc-x11'})","frozenset({('MPICC', 'mpicc'), ('CFLAGS', '""-O3 -fopenmp -DKPLUS -DKPLUS_GATHER_SCATTER -DKPLUS_SPAWN -DCLUSTER_USE_OMP""'), ('use_pthread', 'no'), ('CXXFLAGS', '""-O3 -fopenmp -DKPLUS -DKPLUS_GATHER_SCATTER -DKPLUS_SPAWN -DCLUSTER_USE_OMP""'), ('linux_nrnmech', 'no'), ('MPICXX', 'mpic++'), ('CXX', 'mpic++'), ('CC', 'mpicc')})",1,28.0,8.0,../specials/x86_64/special -mpi,../hoc/bench_main.hoc,250.0,16.0,,frozenset(),33711,False,True,116.40065
110,../nrn-7.2,../specials,"frozenset({'--with-multisend', '--enable-shared=no', '--enable-static=yes', '--with-paranrn', '--without-x', '--without-iv', '--with-mpi', '--without-nrnoc-x11'})","frozenset({('MPICC', 'mpicc'), ('CFLAGS', '""-O3 -fopenmp -DKPLUS -DKPLUS_GATHER_SCATTER -DKPLUS_SPAWN -DCLUSTER_USE_OMP""'), ('use_pthread', 'no'), ('CXXFLAGS', '""-O3 -fopenmp -DKPLUS -DKPLUS_GATHER_SCATTER -DKPLUS_SPAWN -DCLUSTER_USE_OMP""'), ('linux_nrnmech', 'no'), ('MPICXX', 'mpic++'), ('CXX', 'mpic++'), ('CC', 'mpicc')})",1,27.0,8.0,../specials/x86_64/special -mpi,../hoc/bench_main.hoc,250.0,16.0,,frozenset(),33710,False,True,58.09312
111,../nrn-7.2,../specials,"frozenset({'--with-multisend', '--enable-shared=no', '--enable-static=yes', '--with-paranrn', '--without-x', '--without-iv', '--with-mpi', '--without-nrnoc-x11'})","frozenset({('MPICC', 'mpicc'), ('CFLAGS', '""-O3 -fopenmp -DKPLUS -DKPLUS_GATHER_SCATTER -DKPLUS_SPAWN -DCLUSTER_USE_OMP""'), ('use_pthread', 'no'), ('CXXFLAGS', '""-O3 -fopenmp -DKPLUS -DKPLUS_GATHER_SCATTER -DKPLUS_SPAWN -DCLUSTER_USE_OMP""'), ('linux_nrnmech', 'no'), ('MPICXX', 'mpic++'), ('CXX', 'mpic++'), ('CC', 'mpicc')})",1,26.0,8.0,../specials/x86_64/special -mpi,../hoc/bench_main.hoc,250.0,16.0,,frozenset(),33709,False,True,57.7099
112,../nrn-7.2,../specials,"frozenset({'--with-multisend', '--enable-shared=no', '--enable-static=yes', '--with-paranrn', '--without-x', '--without-iv', '--with-mpi', '--without-nrnoc-x11'})","frozenset({('MPICC', 'mpicc'), ('CFLAGS', '""-O3 -fopenmp -DKPLUS -DKPLUS_GATHER_SCATTER -DKPLUS_SPAWN -DCLUSTER_USE_OMP""'), ('use_pthread', 'no'), ('CXXFLAGS', '""-O3 -fopenmp -DKPLUS -DKPLUS_GATHER_SCATTER -DKPLUS_SPAWN -DCLUSTER_USE_OMP""'), ('linux_nrnmech', 'no'), ('MPICXX', 'mpic++'), ('CXX', 'mpic++'), ('CC', 'mpicc')})",1,25.0,8.0,../specials/x86_64/special -mpi,../hoc/bench_main.hoc,250.0,16.0,,frozenset(),33708,False,True,62.39304
113,../nrn-7.2,../specials,"frozenset({'--with-multisend', '--enable-shared=no', '--enable-static=yes', '--with-paranrn', '--without-x', '--without-iv', '--with-mpi', '--without-nrnoc-x11'})","frozenset({('MPICC', 'mpicc'), ('CFLAGS', '""-O3 -fopenmp -DKPLUS -DKPLUS_GATHER_SCATTER -DKPLUS_SPAWN -DCLUSTER_USE_OMP""'), ('use_pthread', 'no'), ('CXXFLAGS', '""-O3 -fopenmp -DKPLUS -DKPLUS_GATHER_SCATTER -DKPLUS_SPAWN -DCLUSTER_USE_OMP""'), ('linux_nrnmech', 'no'), ('MPICXX', 'mpic++'), ('CXX', 'mpic++'), ('CC', 'mpicc')})",1,24.0,8.0,../specials/x86_64/special -mpi,../hoc/bench_main.hoc,250.0,16.0,,frozenset(),33707,False,True,57.41942
114,../nrn-7.2,../specials,"frozenset({'--with-multisend', '--enable-shared=no', '--enable-static=yes', '--with-paranrn', '--without-x', '--without-iv', '--with-mpi', '--without-nrnoc-x11'})","frozenset({('MPICC', 'mpicc'), ('CFLAGS', '""-O3 -fopenmp -DKPLUS -DKPLUS_GATHER_SCATTER -DKPLUS_SPAWN -DCLUSTER_USE_OMP""'), ('use_pthread', 'no'), ('CXXFLAGS', '""-O3 -fopenmp -DKPLUS -DKPLUS_GATHER_SCATTER -DKPLUS_SPAWN -DCLUSTER_USE_OMP""'), ('linux_nrnmech', 'no'), ('MPICXX', 'mpic++'), ('CXX', 'mpic++'), ('CC', 'mpicc')})",1,23.0,8.0,../specials/x86_64/special -mpi,../hoc/bench_main.hoc,250.0,16.0,,frozenset(),33706,False,True,64.5606
115,../nrn-7.2,../specials,"frozenset({'--with-multisend', '--enable-shared=no', '--enable-static=yes', '--with-paranrn', '--without-x', '--without-iv', '--with-mpi', '--without-nrnoc-x11'})","frozenset({('MPICC', 'mpicc'), ('CFLAGS', '""-O3 -fopenmp -DKPLUS -DKPLUS_GATHER_SCATTER -DKPLUS_SPAWN -DCLUSTER_USE_OMP""'), ('use_pthread', 'no'), ('CXXFLAGS', '""-O3 -fopenmp -DKPLUS -DKPLUS_GATHER_SCATTER -DKPLUS_SPAWN -DCLUSTER_USE_OMP""'), ('linux_nrnmech', 'no'), ('MPICXX', 'mpic++'), ('CXX', 'mpic++'), ('CC', 'mpicc')})",1,28.0,7.0,../specials/x86_64/special -mpi,../hoc/bench_main.hoc,250.0,16.0,,frozenset(),33705,False,True,119.50573
116,../nrn-7.2,../specials,"frozenset({'--with-multisend', '--enable-shared=no', '--enable-static=yes', '--with-paranrn', '--without-x', '--without-iv', '--with-mpi', '--without-nrnoc-x11'})","frozenset({('MPICC', 'mpicc'), ('CFLAGS', '""-O3 -fopenmp -DKPLUS -DKPLUS_GATHER_SCATTER -DKPLUS_SPAWN -DCLUSTER_USE_OMP""'), ('use_pthread', 'no'), ('CXXFLAGS', '""-O3 -fopenmp -DKPLUS -DKPLUS_GATHER_SCATTER -DKPLUS_SPAWN -DCLUSTER_USE_OMP""'), ('linux_nrnmech', 'no'), ('MPICXX', 'mpic++'), ('CXX', 'mpic++'), ('CC', 'mpicc')})",1,27.0,7.0,../specials/x86_64/special -mpi,../hoc/bench_main.hoc,250.0,16.0,,frozenset(),33704,False,True,54.40856
117,../nrn-7.2,../specials,"frozenset({'--with-multisend', '--enable-shared=no', '--enable-static=yes', '--with-paranrn', '--without-x', '--without-iv', '--with-mpi', '--without-nrnoc-x11'})","frozenset({('MPICC', 'mpicc'), ('CFLAGS', '""-O3 -fopenmp -DKPLUS -DKPLUS_GATHER_SCATTER -DKPLUS_SPAWN -DCLUSTER_USE_OMP""'), ('use_pthread', 'no'), ('CXXFLAGS', '""-O3 -fopenmp -DKPLUS -DKPLUS_GATHER_SCATTER -DKPLUS_SPAWN -DCLUSTER_USE_OMP""'), ('linux_nrnmech', 'no'), ('MPICXX', 'mpic++'), ('CXX', 'mpic++'), ('CC', 'mpicc')})",1,26.0,7.0,../specials/x86_64/special -mpi,../hoc/bench_main.hoc,250.0,16.0,,frozenset(),33703,False,True,56.13655
118,../nrn-7.2,../specials,"frozenset({'--with-multisend', '--enable-shared=no', '--enable-static=yes', '--with-paranrn', '--without-x', '--without-iv', '--with-mpi', '--without-nrnoc-x11'})","frozenset({('MPICC', 'mpicc'), ('CFLAGS', '""-O3 -fopenmp -DKPLUS -DKPLUS_GATHER_SCATTER -DKPLUS_SPAWN -DCLUSTER_USE_OMP""'), ('use_pthread', 'no'), ('CXXFLAGS', '""-O3 -fopenmp -DKPLUS -DKPLUS_GATHER_SCATTER -DKPLUS_SPAWN -DCLUSTER_USE_OMP""'), ('linux_nrnmech', 'no'), ('MPICXX', 'mpic++'), ('CXX', 'mpic++'), ('CC', 'mpicc')})",1,25.0,7.0,../specials/x86_64/special -mpi,../hoc/bench_main.hoc,250.0,16.0,,frozenset(),33702,False,True,58.691720000000004
119,../nrn-7.2,../specials,"frozenset({'--with-multisend', '--enable-shared=no', '--enable-static=yes', '--with-paranrn', '--without-x', '--without-iv', '--with-mpi', '--without-nrnoc-x11'})","frozenset({('MPICC', 'mpicc'), ('CFLAGS', '""-O3 -fopenmp -DKPLUS -DKPLUS_GATHER_SCATTER -DKPLUS_SPAWN -DCLUSTER_USE_OMP""'), ('use_pthread', 'no'), ('CXXFLAGS', '""-O3 -fopenmp -DKPLUS -DKPLUS_GATHER_SCATTER -DKPLUS_SPAWN -DCLUSTER_USE_OMP""'), ('linux_nrnmech', 'no'), ('MPICXX', 'mpic++'), ('CXX', 'mpic++'), ('CC', 'mpicc')})",1,24.0,7.0,../specials/x86_64/special -mpi,../hoc/bench_main.hoc,250.0,16.0,,frozenset(),33701,False,True,61.1876
120,../nrn-7.2,../specials,"frozenset({'--with-multisend', '--enable-shared=no', '--enable-static=yes', '--with-paranrn', '--without-x', '--without-iv', '--with-mpi', '--without-nrnoc-x11'})","frozenset({('MPICC', 'mpicc'), ('CFLAGS', '""-O3 -fopenmp -DKPLUS -DKPLUS_GATHER_SCATTER -DKPLUS_SPAWN -DCLUSTER_USE_OMP""'), ('use_pthread', 'no'), ('CXXFLAGS', '""-O3 -fopenmp -DKPLUS -DKPLUS_GATHER_SCATTER -DKPLUS_SPAWN -DCLUSTER_USE_OMP""'), ('linux_nrnmech', 'no'), ('MPICXX', 'mpic++'), ('CXX', 'mpic++'), ('CC', 'mpicc')})",1,23.0,7.0,../specials/x86_64/special -mpi,../hoc/bench_main.hoc,250.0,16.0,,frozenset(),33700,False,True,66.6693
121,../nrn-7.2,../specials,"frozenset({'--with-multisend', '--enable-shared=no', '--enable-static=yes', '--with-paranrn', '--without-x', '--without-iv', '--with-mpi', '--without-nrnoc-x11'})","frozenset({('MPICC', 'mpicc'), ('CFLAGS', '""-O3 -fopenmp -DKPLUS -DKPLUS_GATHER_SCATTER -DKPLUS_SPAWN -DCLUSTER_USE_OMP""'), ('use_pthread', 'no'), ('CXXFLAGS', '""-O3 -fopenmp -DKPLUS -DKPLUS_GATHER_SCATTER -DKPLUS_SPAWN -DCLUSTER_USE_OMP""'), ('linux_nrnmech', 'no'), ('MPICXX', 'mpic++'), ('CXX', 'mpic++'), ('CC', 'mpicc')})",1,28.0,6.0,../specials/x86_64/special -mpi,../hoc/bench_main.hoc,250.0,16.0,,frozenset(),33699,False,True,51.64804
122,../nrn-7.2,../specials,"frozenset({'--with-multisend', '--enable-shared=no', '--enable-static=yes', '--with-paranrn', '--without-x', '--without-iv', '--with-mpi', '--without-nrnoc-x11'})","frozenset({('MPICC', 'mpicc'), ('CFLAGS', '""-O3 -fopenmp -DKPLUS -DKPLUS_GATHER_SCATTER -DKPLUS_SPAWN -DCLUSTER_USE_OMP""'), ('use_pthread', 'no'), ('CXXFLAGS', '""-O3 -fopenmp -DKPLUS -DKPLUS_GATHER_SCATTER -DKPLUS_SPAWN -DCLUSTER_USE_OMP""'), ('linux_nrnmech', 'no'), ('MPICXX', 'mpic++'), ('CXX', 'mpic++'), ('CC', 'mpicc')})",1,27.0,6.0,../specials/x86_64/special -mpi,../hoc/bench_main.hoc,250.0,16.0,,frozenset(),33698,False,True,61.31519
123,../nrn-7.2,../specials,"frozenset({'--with-multisend', '--enable-shared=no', '--enable-static=yes', '--with-paranrn', '--without-x', '--without-iv', '--with-mpi', '--without-nrnoc-x11'})","frozenset({('MPICC', 'mpicc'), ('CFLAGS', '""-O3 -fopenmp -DKPLUS -DKPLUS_GATHER_SCATTER -DKPLUS_SPAWN -DCLUSTER_USE_OMP""'), ('use_pthread', 'no'), ('CXXFLAGS', '""-O3 -fopenmp -DKPLUS -DKPLUS_GATHER_SCATTER -DKPLUS_SPAWN -DCLUSTER_USE_OMP""'), ('linux_nrnmech', 'no'), ('MPICXX', 'mpic++'), ('CXX', 'mpic++'), ('CC', 'mpicc')})",1,26.0,6.0,../specials/x86_64/special -mpi,../hoc/bench_main.hoc,250.0,16.0,,frozenset(),33697,False,True,58.61934
124,../nrn-7.2,../specials,"frozenset({'--with-multisend', '--enable-shared=no', '--enable-static=yes', '--with-paranrn', '--without-x', '--without-iv', '--with-mpi', '--without-nrnoc-x11'})","frozenset({('MPICC', 'mpicc'), ('CFLAGS', '""-O3 -fopenmp -DKPLUS -DKPLUS_GATHER_SCATTER -DKPLUS_SPAWN -DCLUSTER_USE_OMP""'), ('use_pthread', 'no'), ('CXXFLAGS', '""-O3 -fopenmp -DKPLUS -DKPLUS_GATHER_SCATTER -DKPLUS_SPAWN -DCLUSTER_USE_OMP""'), ('linux_nrnmech', 'no'), ('MPICXX', 'mpic++'), ('CXX', 'mpic++'), ('CC', 'mpicc')})",1,25.0,6.0,../specials/x86_64/special -mpi,../hoc/bench_main.hoc,250.0,16.0,,frozenset(),33696,False,True,65.37452
125,../nrn-7.2,../specials,"frozenset({'--with-multisend', '--enable-shared=no', '--enable-static=yes', '--with-paranrn', '--without-x', '--without-iv', '--with-mpi', '--without-nrnoc-x11'})","frozenset({('MPICC', 'mpicc'), ('CFLAGS', '""-O3 -fopenmp -DKPLUS -DKPLUS_GATHER_SCATTER -DKPLUS_SPAWN -DCLUSTER_USE_OMP""'), ('use_pthread', 'no'), ('CXXFLAGS', '""-O3 -fopenmp -DKPLUS -DKPLUS_GATHER_SCATTER -DKPLUS_SPAWN -DCLUSTER_USE_OMP""'), ('linux_nrnmech', 'no'), ('MPICXX', 'mpic++'), ('CXX', 'mpic++'), ('CC', 'mpicc')})",1,24.0,6.0,../specials/x86_64/special -mpi,../hoc/bench_main.hoc,250.0,16.0,,frozenset(),33695,False,True,63.43257
126,../nrn-7.2,../specials,"frozenset({'--with-multisend', '--enable-shared=no', '--enable-static=yes', '--with-paranrn', '--without-x', '--without-iv', '--with-mpi', '--without-nrnoc-x11'})","frozenset({('MPICC', 'mpicc'), ('CFLAGS', '""-O3 -fopenmp -DKPLUS -DKPLUS_GATHER_SCATTER -DKPLUS_SPAWN -DCLUSTER_USE_OMP""'), ('use_pthread', 'no'), ('CXXFLAGS', '""-O3 -fopenmp -DKPLUS -DKPLUS_GATHER_SCATTER -DKPLUS_SPAWN -DCLUSTER_USE_OMP""'), ('linux_nrnmech', 'no'), ('MPICXX', 'mpic++'), ('CXX', 'mpic++'), ('CC', 'mpicc')})",1,23.0,6.0,../specials/x86_64/special -mpi,../hoc/bench_main.hoc,250.0,16.0,,frozenset(),33694,False,True,67.26168
127,../nrn-7.2,../specials,"frozenset({'--with-multisend', '--enable-shared=no', '--enable-static=yes', '--with-paranrn', '--without-x', '--without-iv', '--with-mpi', '--without-nrnoc-x11'})","frozenset({('MPICC', 'mpicc'), ('CFLAGS', '""-O3 -fopenmp -DKPLUS -DKPLUS_GATHER_SCATTER -DKPLUS_SPAWN -DCLUSTER_USE_OMP""'), ('use_pthread', 'no'), ('CXXFLAGS', '""-O3 -fopenmp -DKPLUS -DKPLUS_GATHER_SCATTER -DKPLUS_SPAWN -DCLUSTER_USE_OMP""'), ('linux_nrnmech', 'no'), ('MPICXX', 'mpic++'), ('CXX', 'mpic++'), ('CC', 'mpicc')})",1,28.0,5.0,../specials/x86_64/special -mpi,../hoc/bench_main.hoc,250.0,16.0,,frozenset(),33693,False,True,52.88296
128,../nrn-7.2,../specials,"frozenset({'--with-multisend', '--enable-shared=no', '--enable-static=yes', '--with-paranrn', '--without-x', '--without-iv', '--with-mpi', '--without-nrnoc-x11'})","frozenset({('MPICC', 'mpicc'), ('CFLAGS', '""-O3 -fopenmp -DKPLUS -DKPLUS_GATHER_SCATTER -DKPLUS_SPAWN -DCLUSTER_USE_OMP""'), ('use_pthread', 'no'), ('CXXFLAGS', '""-O3 -fopenmp -DKPLUS -DKPLUS_GATHER_SCATTER -DKPLUS_SPAWN -DCLUSTER_USE_OMP""'), ('linux_nrnmech', 'no'), ('MPICXX', 'mpic++'), ('CXX', 'mpic++'), ('CC', 'mpicc')})",1,27.0,5.0,../specials/x86_64/special -mpi,../hoc/bench_main.hoc,250.0,16.0,,frozenset(),33692,False,True,62.34702
129,../nrn-7.2,../specials,"frozenset({'--with-multisend', '--enable-shared=no', '--enable-static=yes', '--with-paranrn', '--without-x', '--without-iv', '--with-mpi', '--without-nrnoc-x11'})","frozenset({('MPICC', 'mpicc'), ('CFLAGS', '""-O3 -fopenmp -DKPLUS -DKPLUS_GATHER_SCATTER -DKPLUS_SPAWN -DCLUSTER_USE_OMP""'), ('use_pthread', 'no'), ('CXXFLAGS', '""-O3 -fopenmp -DKPLUS -DKPLUS_GATHER_SCATTER -DKPLUS_SPAWN -DCLUSTER_USE_OMP""'), ('linux_nrnmech', 'no'), ('MPICXX', 'mpic++'), ('CXX', 'mpic++'), ('CC', 'mpicc')})",1,26.0,5.0,../specials/x86_64/special -mpi,../hoc/bench_main.hoc,250.0,16.0,,frozenset(),33691,False,True,53.74383
130,../nrn-7.2,../specials,"frozenset({'--with-multisend', '--enable-shared=no', '--enable-static=yes', '--with-paranrn', '--without-x', '--without-iv', '--with-mpi', '--without-nrnoc-x11'})","frozenset({('MPICC', 'mpicc'), ('CFLAGS', '""-O3 -fopenmp -DKPLUS -DKPLUS_GATHER_SCATTER -DKPLUS_SPAWN -DCLUSTER_USE_OMP""'), ('use_pthread', 'no'), ('CXXFLAGS', '""-O3 -fopenmp -DKPLUS -DKPLUS_GATHER_SCATTER -DKPLUS_SPAWN -DCLUSTER_USE_OMP""'), ('linux_nrnmech', 'no'), ('MPICXX', 'mpic++'), ('CXX', 'mpic++'), ('CC', 'mpicc')})",1,25.0,5.0,../specials/x86_64/special -mpi,../hoc/bench_main.hoc,250.0,16.0,,frozenset(),33690,False,True,62.8452
131,../nrn-7.2,../specials,"frozenset({'--with-multisend', '--enable-shared=no', '--enable-static=yes', '--with-paranrn', '--without-x', '--without-iv', '--with-mpi', '--without-nrnoc-x11'})","frozenset({('MPICC', 'mpicc'), ('CFLAGS', '""-O3 -fopenmp -DKPLUS -DKPLUS_GATHER_SCATTER -DKPLUS_SPAWN -DCLUSTER_USE_OMP""'), ('use_pthread', 'no'), ('CXXFLAGS', '""-O3 -fopenmp -DKPLUS -DKPLUS_GATHER_SCATTER -DKPLUS_SPAWN -DCLUSTER_USE_OMP""'), ('linux_nrnmech', 'no'), ('MPICXX', 'mpic++'), ('CXX', 'mpic++'), ('CC', 'mpicc')})",1,24.0,5.0,../specials/x86_64/special -mpi,../hoc/bench_main.hoc,250.0,16.0,,frozenset(),33689,False,True,59.66611
132,../nrn-7.2,../specials,"frozenset({'--with-multisend', '--enable-shared=no', '--enable-static=yes', '--with-paranrn', '--without-x', '--without-iv', '--with-mpi', '--without-nrnoc-x11'})","frozenset({('MPICC', 'mpicc'), ('CFLAGS', '""-O3 -fopenmp -DKPLUS -DKPLUS_GATHER_SCATTER -DKPLUS_SPAWN -DCLUSTER_USE_OMP""'), ('use_pthread', 'no'), ('CXXFLAGS', '""-O3 -fopenmp -DKPLUS -DKPLUS_GATHER_SCATTER -DKPLUS_SPAWN -DCLUSTER_USE_OMP""'), ('linux_nrnmech', 'no'), ('MPICXX', 'mpic++'), ('CXX', 'mpic++'), ('CC', 'mpicc')})",1,23.0,5.0,../specials/x86_64/special -mpi,../hoc/bench_main.hoc,250.0,16.0,,frozenset(),33688,False,True,65.33783
133,../nrn-7.2,../specials,"frozenset({'--with-multisend', '--enable-shared=no', '--enable-static=yes', '--with-paranrn', '--without-x', '--without-iv', '--with-mpi', '--without-nrnoc-x11'})","frozenset({('MPICC', 'mpicc'), ('CFLAGS', '""-O3 -fopenmp -DKPLUS -DKPLUS_GATHER_SCATTER -DKPLUS_SPAWN -DCLUSTER_USE_OMP""'), ('use_pthread', 'no'), ('CXXFLAGS', '""-O3 -fopenmp -DKPLUS -DKPLUS_GATHER_SCATTER -DKPLUS_SPAWN -DCLUSTER_USE_OMP""'), ('linux_nrnmech', 'no'), ('MPICXX', 'mpic++'), ('CXX', 'mpic++'), ('CC', 'mpicc')})",1,28.0,4.0,../specials/x86_64/special -mpi,../hoc/bench_main.hoc,250.0,16.0,,frozenset(),33687,False,True,54.45152
134,../nrn-7.2,../specials,"frozenset({'--with-multisend', '--enable-shared=no', '--enable-static=yes', '--with-paranrn', '--without-x', '--without-iv', '--with-mpi', '--without-nrnoc-x11'})","frozenset({('MPICC', 'mpicc'), ('CFLAGS', '""-O3 -fopenmp -DKPLUS -DKPLUS_GATHER_SCATTER -DKPLUS_SPAWN -DCLUSTER_USE_OMP""'), ('use_pthread', 'no'), ('CXXFLAGS', '""-O3 -fopenmp -DKPLUS -DKPLUS_GATHER_SCATTER -DKPLUS_SPAWN -DCLUSTER_USE_OMP""'), ('linux_nrnmech', 'no'), ('MPICXX', 'mpic++'), ('CXX', 'mpic++'), ('CC', 'mpicc')})",1,27.0,4.0,../specials/x86_64/special -mpi,../hoc/bench_main.hoc,250.0,16.0,,frozenset(),33686,False,True,63.3271
135,../nrn-7.2,../specials,"frozenset({'--with-multisend', '--enable-shared=no', '--enable-static=yes', '--with-paranrn', '--without-x', '--without-iv', '--with-mpi', '--without-nrnoc-x11'})","frozenset({('MPICC', 'mpicc'), ('CFLAGS', '""-O3 -fopenmp -DKPLUS -DKPLUS_GATHER_SCATTER -DKPLUS_SPAWN -DCLUSTER_USE_OMP""'), ('use_pthread', 'no'), ('CXXFLAGS', '""-O3 -fopenmp -DKPLUS -DKPLUS_GATHER_SCATTER -DKPLUS_SPAWN -DCLUSTER_USE_OMP""'), ('linux_nrnmech', 'no'), ('MPICXX', 'mpic++'), ('CXX', 'mpic++'), ('CC', 'mpicc')})",1,26.0,4.0,../specials/x86_64/special -mpi,../hoc/bench_main.hoc,250.0,16.0,,frozenset(),33685,False,True,51.11883
136,../nrn-7.2,../specials,"frozenset({'--with-multisend', '--enable-shared=no', '--enable-static=yes', '--with-paranrn', '--without-x', '--without-iv', '--with-mpi', '--without-nrnoc-x11'})","frozenset({('MPICC', 'mpicc'), ('CFLAGS', '""-O3 -fopenmp -DKPLUS -DKPLUS_GATHER_SCATTER -DKPLUS_SPAWN -DCLUSTER_USE_OMP""'), ('use_pthread', 'no'), ('CXXFLAGS', '""-O3 -fopenmp -DKPLUS -DKPLUS_GATHER_SCATTER -DKPLUS_SPAWN -DCLUSTER_USE_OMP""'), ('linux_nrnmech', 'no'), ('MPICXX', 'mpic++'), ('CXX', 'mpic++'), ('CC', 'mpicc')})",1,25.0,4.0,../specials/x86_64/special -mpi,../hoc/bench_main.hoc,250.0,16.0,,frozenset(),33684,False,True,58.72479
137,../nrn-7.2,../specials,"frozenset({'--with-multisend', '--enable-shared=no', '--enable-static=yes', '--with-paranrn', '--without-x', '--without-iv', '--with-mpi', '--without-nrnoc-x11'})","frozenset({('MPICC', 'mpicc'), ('CFLAGS', '""-O3 -fopenmp -DKPLUS -DKPLUS_GATHER_SCATTER -DKPLUS_SPAWN -DCLUSTER_USE_OMP""'), ('use_pthread', 'no'), ('CXXFLAGS', '""-O3 -fopenmp -DKPLUS -DKPLUS_GATHER_SCATTER -DKPLUS_SPAWN -DCLUSTER_USE_OMP""'), ('linux_nrnmech', 'no'), ('MPICXX', 'mpic++'), ('CXX', 'mpic++'), ('CC', 'mpicc')})",1,24.0,4.0,../specials/x86_64/special -mpi,../hoc/bench_main.hoc,250.0,16.0,,frozenset(),33683,False,True,70.40803
138,../nrn-7.2,../specials,"frozenset({'--with-multisend', '--enable-shared=no', '--enable-static=yes', '--with-paranrn', '--without-x', '--without-iv', '--with-mpi', '--without-nrnoc-x11'})","frozenset({('MPICC', 'mpicc'), ('CFLAGS', '""-O3 -fopenmp -DKPLUS -DKPLUS_GATHER_SCATTER -DKPLUS_SPAWN -DCLUSTER_USE_OMP""'), ('use_pthread', 'no'), ('CXXFLAGS', '""-O3 -fopenmp -DKPLUS -DKPLUS_GATHER_SCATTER -DKPLUS_SPAWN -DCLUSTER_USE_OMP""'), ('linux_nrnmech', 'no'), ('MPICXX', 'mpic++'), ('CXX', 'mpic++'), ('CC', 'mpicc')})",1,23.0,4.0,../specials/x86_64/special -mpi,../hoc/bench_main.hoc,250.0,16.0,,frozenset(),33682,False,True,64.00892
139,../nrn-7.2,../specials,"frozenset({'--with-multisend', '--enable-shared=no', '--enable-static=yes', '--with-paranrn', '--without-x', '--without-iv', '--with-mpi', '--without-nrnoc-x11'})","frozenset({('MPICC', 'mpicc'), ('CFLAGS', '""-O3 -fopenmp -DKPLUS -DKPLUS_GATHER_SCATTER -DKPLUS_SPAWN -DCLUSTER_USE_OMP""'), ('use_pthread', 'no'), ('CXXFLAGS', '""-O3 -fopenmp -DKPLUS -DKPLUS_GATHER_SCATTER -DKPLUS_SPAWN -DCLUSTER_USE_OMP""'), ('linux_nrnmech', 'no'), ('MPICXX', 'mpic++'), ('CXX', 'mpic++'), ('CC', 'mpicc')})",1,28.0,3.0,../specials/x86_64/special -mpi,../hoc/bench_main.hoc,250.0,16.0,,frozenset(),33681,False,True,51.31069
140,../nrn-7.2,../specials,"frozenset({'--with-multisend', '--enable-shared=no', '--enable-static=yes', '--with-paranrn', '--without-x', '--without-iv', '--with-mpi', '--without-nrnoc-x11'})","frozenset({('MPICC', 'mpicc'), ('CFLAGS', '""-O3 -fopenmp -DKPLUS -DKPLUS_GATHER_SCATTER -DKPLUS_SPAWN -DCLUSTER_USE_OMP""'), ('use_pthread', 'no'), ('CXXFLAGS', '""-O3 -fopenmp -DKPLUS -DKPLUS_GATHER_SCATTER -DKPLUS_SPAWN -DCLUSTER_USE_OMP""'), ('linux_nrnmech', 'no'), ('MPICXX', 'mpic++'), ('CXX', 'mpic++'), ('CC', 'mpicc')})",1,27.0,3.0,../specials/x86_64/special -mpi,../hoc/bench_main.hoc,250.0,16.0,,frozenset(),33680,False,True,63.77966
141,../nrn-7.2,../specials,"frozenset({'--with-multisend', '--enable-shared=no', '--enable-static=yes', '--with-paranrn', '--without-x', '--without-iv', '--with-mpi', '--without-nrnoc-x11'})","frozenset({('MPICC', 'mpicc'), ('CFLAGS', '""-O3 -fopenmp -DKPLUS -DKPLUS_GATHER_SCATTER -DKPLUS_SPAWN -DCLUSTER_USE_OMP""'), ('use_pthread', 'no'), ('CXXFLAGS', '""-O3 -fopenmp -DKPLUS -DKPLUS_GATHER_SCATTER -DKPLUS_SPAWN -DCLUSTER_USE_OMP""'), ('linux_nrnmech', 'no'), ('MPICXX', 'mpic++'), ('CXX', 'mpic++'), ('CC', 'mpicc')})",1,26.0,3.0,../specials/x86_64/special -mpi,../hoc/bench_main.hoc,250.0,16.0,,frozenset(),33679,False,True,50.29076
142,../nrn-7.2,../specials,"frozenset({'--with-multisend', '--enable-shared=no', '--enable-static=yes', '--with-paranrn', '--without-x', '--without-iv', '--with-mpi', '--without-nrnoc-x11'})","frozenset({('MPICC', 'mpicc'), ('CFLAGS', '""-O3 -fopenmp -DKPLUS -DKPLUS_GATHER_SCATTER -DKPLUS_SPAWN -DCLUSTER_USE_OMP""'), ('use_pthread', 'no'), ('CXXFLAGS', '""-O3 -fopenmp -DKPLUS -DKPLUS_GATHER_SCATTER -DKPLUS_SPAWN -DCLUSTER_USE_OMP""'), ('linux_nrnmech', 'no'), ('MPICXX', 'mpic++'), ('CXX', 'mpic++'), ('CC', 'mpicc')})",1,25.0,3.0,../specials/x86_64/special -mpi,../hoc/bench_main.hoc,250.0,16.0,,frozenset(),33678,False,True,66.84338
143,../nrn-7.2,../specials,"frozenset({'--with-multisend', '--enable-shared=no', '--enable-static=yes', '--with-paranrn', '--without-x', '--without-iv', '--with-mpi', '--without-nrnoc-x11'})","frozenset({('MPICC', 'mpicc'), ('CFLAGS', '""-O3 -fopenmp -DKPLUS -DKPLUS_GATHER_SCATTER -DKPLUS_SPAWN -DCLUSTER_USE_OMP""'), ('use_pthread', 'no'), ('CXXFLAGS', '""-O3 -fopenmp -DKPLUS -DKPLUS_GATHER_SCATTER -DKPLUS_SPAWN -DCLUSTER_USE_OMP""'), ('linux_nrnmech', 'no'), ('MPICXX', 'mpic++'), ('CXX', 'mpic++'), ('CC', 'mpicc')})",1,24.0,3.0,../specials/x86_64/special -mpi,../hoc/bench_main.hoc,250.0,16.0,,frozenset(),33677,False,True,67.19173
144,../nrn-7.2,../specials,"frozenset({'--with-multisend', '--enable-shared=no', '--enable-static=yes', '--with-paranrn', '--without-x', '--without-iv', '--with-mpi', '--without-nrnoc-x11'})","frozenset({('MPICC', 'mpicc'), ('CFLAGS', '""-O3 -fopenmp -DKPLUS -DKPLUS_GATHER_SCATTER -DKPLUS_SPAWN -DCLUSTER_USE_OMP""'), ('use_pthread', 'no'), ('CXXFLAGS', '""-O3 -fopenmp -DKPLUS -DKPLUS_GATHER_SCATTER -DKPLUS_SPAWN -DCLUSTER_USE_OMP""'), ('linux_nrnmech', 'no'), ('MPICXX', 'mpic++'), ('CXX', 'mpic++'), ('CC', 'mpicc')})",1,23.0,3.0,../specials/x86_64/special -mpi,../hoc/bench_main.hoc,250.0,16.0,,frozenset(),33676,False,True,65.24427
145,../nrn-7.2,../specials,"frozenset({'--with-multisend', '--enable-shared=no', '--enable-static=yes', '--with-paranrn', '--without-x', '--without-iv', '--with-mpi', '--without-nrnoc-x11'})","frozenset({('MPICC', 'mpicc'), ('CFLAGS', '""-O3 -fopenmp -DKPLUS -DKPLUS_GATHER_SCATTER -DKPLUS_SPAWN -DCLUSTER_USE_OMP""'), ('use_pthread', 'no'), ('CXXFLAGS', '""-O3 -fopenmp -DKPLUS -DKPLUS_GATHER_SCATTER -DKPLUS_SPAWN -DCLUSTER_USE_OMP""'), ('linux_nrnmech', 'no'), ('MPICXX', 'mpic++'), ('CXX', 'mpic++'), ('CC', 'mpicc')})",1,28.0,2.0,../specials/x86_64/special -mpi,../hoc/bench_main.hoc,250.0,16.0,,frozenset(),33675,False,True,55.94746
146,../nrn-7.2,../specials,"frozenset({'--with-multisend', '--enable-shared=no', '--enable-static=yes', '--with-paranrn', '--without-x', '--without-iv', '--with-mpi', '--without-nrnoc-x11'})","frozenset({('MPICC', 'mpicc'), ('CFLAGS', '""-O3 -fopenmp -DKPLUS -DKPLUS_GATHER_SCATTER -DKPLUS_SPAWN -DCLUSTER_USE_OMP""'), ('use_pthread', 'no'), ('CXXFLAGS', '""-O3 -fopenmp -DKPLUS -DKPLUS_GATHER_SCATTER -DKPLUS_SPAWN -DCLUSTER_USE_OMP""'), ('linux_nrnmech', 'no'), ('MPICXX', 'mpic++'), ('CXX', 'mpic++'), ('CC', 'mpicc')})",1,27.0,2.0,../specials/x86_64/special -mpi,../hoc/bench_main.hoc,250.0,16.0,,frozenset(),33674,False,True,64.00581
147,../nrn-7.2,../specials,"frozenset({'--with-multisend', '--enable-shared=no', '--enable-static=yes', '--with-paranrn', '--without-x', '--without-iv', '--with-mpi', '--without-nrnoc-x11'})","frozenset({('MPICC', 'mpicc'), ('CFLAGS', '""-O3 -fopenmp -DKPLUS -DKPLUS_GATHER_SCATTER -DKPLUS_SPAWN -DCLUSTER_USE_OMP""'), ('use_pthread', 'no'), ('CXXFLAGS', '""-O3 -fopenmp -DKPLUS -DKPLUS_GATHER_SCATTER -DKPLUS_SPAWN -DCLUSTER_USE_OMP""'), ('linux_nrnmech', 'no'), ('MPICXX', 'mpic++'), ('CXX', 'mpic++'), ('CC', 'mpicc')})",1,26.0,2.0,../specials/x86_64/special -mpi,../hoc/bench_main.hoc,250.0,16.0,,frozenset(),33673,False,True,50.82662
148,../nrn-7.2,../specials,"frozenset({'--with-multisend', '--enable-shared=no', '--enable-static=yes', '--with-paranrn', '--without-x', '--without-iv', '--with-mpi', '--without-nrnoc-x11'})","frozenset({('MPICC', 'mpicc'), ('CFLAGS', '""-O3 -fopenmp -DKPLUS -DKPLUS_GATHER_SCATTER -DKPLUS_SPAWN -DCLUSTER_USE_OMP""'), ('use_pthread', 'no'), ('CXXFLAGS', '""-O3 -fopenmp -DKPLUS -DKPLUS_GATHER_SCATTER -DKPLUS_SPAWN -DCLUSTER_USE_OMP""'), ('linux_nrnmech', 'no'), ('MPICXX', 'mpic++'), ('CXX', 'mpic++'), ('CC', 'mpicc')})",1,25.0,2.0,../specials/x86_64/special -mpi,../hoc/bench_main.hoc,250.0,16.0,,frozenset(),33672,False,True,59.4798
149,../nrn-7.2,../specials,"frozenset({'--with-multisend', '--enable-shared=no', '--enable-static=yes', '--with-paranrn', '--without-x', '--without-iv', '--with-mpi', '--without-nrnoc-x11'})","frozenset({('MPICC', 'mpicc'), ('CFLAGS', '""-O3 -fopenmp -DKPLUS -DKPLUS_GATHER_SCATTER -DKPLUS_SPAWN -DCLUSTER_USE_OMP""'), ('use_pthread', 'no'), ('CXXFLAGS', '""-O3 -fopenmp -DKPLUS -DKPLUS_GATHER_SCATTER -DKPLUS_SPAWN -DCLUSTER_USE_OMP""'), ('linux_nrnmech', 'no'), ('MPICXX', 'mpic++'), ('CXX', 'mpic++'), ('CC', 'mpicc')})",1,24.0,2.0,../specials/x86_64/special -mpi,../hoc/bench_main.hoc,250.0,16.0,,frozenset(),33671,False,True,59.34401
150,../nrn-7.2,../specials,"frozenset({'--with-multisend', '--enable-shared=no', '--enable-static=yes', '--with-paranrn', '--without-x', '--without-iv', '--with-mpi', '--without-nrnoc-x11'})","frozenset({('MPICC', 'mpicc'), ('CFLAGS', '""-O3 -fopenmp -DKPLUS -DKPLUS_GATHER_SCATTER -DKPLUS_SPAWN -DCLUSTER_USE_OMP""'), ('use_pthread', 'no'), ('CXXFLAGS', '""-O3 -fopenmp -DKPLUS -DKPLUS_GATHER_SCATTER -DKPLUS_SPAWN -DCLUSTER_USE_OMP""'), ('linux_nrnmech', 'no'), ('MPICXX', 'mpic++'), ('CXX', 'mpic++'), ('CC', 'mpicc')})",1,23.0,2.0,../specials/x86_64/special -mpi,../hoc/bench_main.hoc,250.0,16.0,,frozenset(),33670,False,True,65.41621
151,../nrn-7.2,../specials,"frozenset({'--with-multisend', '--enable-shared=no', '--enable-static=yes', '--with-paranrn', '--without-x', '--without-iv', '--with-mpi', '--without-nrnoc-x11'})","frozenset({('MPICC', 'mpicc'), ('CFLAGS', '""-O3 -fopenmp -DKPLUS -DKPLUS_GATHER_SCATTER -DKPLUS_SPAWN -DCLUSTER_USE_OMP""'), ('use_pthread', 'no'), ('CXXFLAGS', '""-O3 -fopenmp -DKPLUS -DKPLUS_GATHER_SCATTER -DKPLUS_SPAWN -DCLUSTER_USE_OMP""'), ('linux_nrnmech', 'no'), ('MPICXX', 'mpic++'), ('CXX', 'mpic++'), ('CC', 'mpicc')})",1,28.0,1.0,../specials/x86_64/special -mpi,../hoc/bench_main.hoc,250.0,16.0,,frozenset(),33669,False,True,52.42254
152,../nrn-7.2,../specials,"frozenset({'--with-multisend', '--enable-shared=no', '--enable-static=yes', '--with-paranrn', '--without-x', '--without-iv', '--with-mpi', '--without-nrnoc-x11'})","frozenset({('MPICC', 'mpicc'), ('CFLAGS', '""-O3 -fopenmp -DKPLUS -DKPLUS_GATHER_SCATTER -DKPLUS_SPAWN -DCLUSTER_USE_OMP""'), ('use_pthread', 'no'), ('CXXFLAGS', '""-O3 -fopenmp -DKPLUS -DKPLUS_GATHER_SCATTER -DKPLUS_SPAWN -DCLUSTER_USE_OMP""'), ('linux_nrnmech', 'no'), ('MPICXX', 'mpic++'), ('CXX', 'mpic++'), ('CC', 'mpicc')})",1,27.0,1.0,../specials/x86_64/special -mpi,../hoc/bench_main.hoc,250.0,16.0,,frozenset(),33668,False,True,55.98826
153,../nrn-7.2,../specials,"frozenset({'--with-multisend', '--enable-shared=no', '--enable-static=yes', '--with-paranrn', '--without-x', '--without-iv', '--with-mpi', '--without-nrnoc-x11'})","frozenset({('MPICC', 'mpicc'), ('CFLAGS', '""-O3 -fopenmp -DKPLUS -DKPLUS_GATHER_SCATTER -DKPLUS_SPAWN -DCLUSTER_USE_OMP""'), ('use_pthread', 'no'), ('CXXFLAGS', '""-O3 -fopenmp -DKPLUS -DKPLUS_GATHER_SCATTER -DKPLUS_SPAWN -DCLUSTER_USE_OMP""'), ('linux_nrnmech', 'no'), ('MPICXX', 'mpic++'), ('CXX', 'mpic++'), ('CC', 'mpicc')})",1,26.0,1.0,../specials/x86_64/special -mpi,../hoc/bench_main.hoc,250.0,16.0,,frozenset(),33667,False,True,60.09576
154,../nrn-7.2,../specials,"frozenset({'--with-multisend', '--enable-shared=no', '--enable-static=yes', '--with-paranrn', '--without-x', '--without-iv', '--with-mpi', '--without-nrnoc-x11'})","frozenset({('MPICC', 'mpicc'), ('CFLAGS', '""-O3 -fopenmp -DKPLUS -DKPLUS_GATHER_SCATTER -DKPLUS_SPAWN -DCLUSTER_USE_OMP""'), ('use_pthread', 'no'), ('CXXFLAGS', '""-O3 -fopenmp -DKPLUS -DKPLUS_GATHER_SCATTER -DKPLUS_SPAWN -DCLUSTER_USE_OMP""'), ('linux_nrnmech', 'no'), ('MPICXX', 'mpic++'), ('CXX', 'mpic++'), ('CC', 'mpicc')})",1,25.0,1.0,../specials/x86_64/special -mpi,../hoc/bench_main.hoc,250.0,16.0,,frozenset(),33666,False,True,63.32369
155,../nrn-7.2,../specials,"frozenset({'--with-multisend', '--enable-shared=no', '--enable-static=yes', '--with-paranrn', '--without-x', '--without-iv', '--with-mpi', '--without-nrnoc-x11'})","frozenset({('MPICC', 'mpicc'), ('CFLAGS', '""-O3 -fopenmp -DKPLUS -DKPLUS_GATHER_SCATTER -DKPLUS_SPAWN -DCLUSTER_USE_OMP""'), ('use_pthread', 'no'), ('CXXFLAGS', '""-O3 -fopenmp -DKPLUS -DKPLUS_GATHER_SCATTER -DKPLUS_SPAWN -DCLUSTER_USE_OMP""'), ('linux_nrnmech', 'no'), ('MPICXX', 'mpic++'), ('CXX', 'mpic++'), ('CC', 'mpicc')})",1,24.0,1.0,../specials/x86_64/special -mpi,../hoc/bench_main.hoc,250.0,16.0,,frozenset(),33665,False,True,63.71879
