,neuron_path,specials_path,options,compile_options,nodes,ppn,omp_num_threads,nrniv,hoc_name,stop_time,nthread,prof,modules,job_id,bench,time,avg_time
0,../nrn-7.2,../specials,"['--without-iv', '--without-x', '--without-nrnoc-x11', '--with-paranrn', '--with-mpi', '--with-multisend', '--enable-shared=no', '--enable-static=yes']","defaultdict(<class 'dict'>, {'linux_nrnmech': 'no', 'use_pthread': 'no', 'CFLAGS': '""-O3 -fopenmp -DKPLUS -DKPLUS_GATHER_SCATTER -DKPLUS_SPAWN -DCLUSTER_USE_OMP""', 'CXXFLAGS': '""-O3 -fopenmp -DKPLUS -DKPLUS_GATHER_SCATTER -DKPLUS_SPAWN -DCLUSTER_USE_OMP""'})",1,24.0,8.0,../specials/x86_64/special -mpi,../hoc/bench_main.hoc,100.0,16.0,,{},13672,False,187.33638,46.834095
1,../nrn-7.2,../specials,"['--without-iv', '--without-x', '--without-nrnoc-x11', '--with-paranrn', '--with-mpi', '--with-multisend', '--enable-shared=no', '--enable-static=yes']","defaultdict(<class 'dict'>, {'linux_nrnmech': 'no', 'use_pthread': 'no', 'CFLAGS': '""-O3 -fopenmp -DKPLUS -DKPLUS_GATHER_SCATTER -DKPLUS_SPAWN -DCLUSTER_USE_OMP""', 'CXXFLAGS': '""-O3 -fopenmp -DKPLUS -DKPLUS_GATHER_SCATTER -DKPLUS_SPAWN -DCLUSTER_USE_OMP""'})",1,26.0,2.0,../specials/x86_64/special -mpi,../hoc/bench_main.hoc,100.0,16.0,,{},13519,True,159.61988,39.90497
2,../nrn-7.2,../specials,"['--without-iv', '--without-x', '--without-nrnoc-x11', '--with-paranrn', '--with-mpi', '--with-multisend', '--enable-shared=no', '--enable-static=yes']","defaultdict(<class 'dict'>, {'linux_nrnmech': 'no', 'use_pthread': 'no', 'CFLAGS': '""-O3 -fopenmp -DKPLUS -DKPLUS_GATHER_SCATTER -DKPLUS_SPAWN -DCLUSTER_USE_OMP""', 'CXXFLAGS': '""-O3 -fopenmp -DKPLUS -DKPLUS_GATHER_SCATTER -DKPLUS_SPAWN -DCLUSTER_USE_OMP""'})",1,24.0,12.0,../specials/x86_64/special -mpi,../hoc/bench_main.hoc,100.0,16.0,,{},13700,False,160.32468,40.08117
3,../nrn-7.2,../specials,"['--without-iv', '--without-x', '--without-nrnoc-x11', '--with-paranrn', '--with-mpi', '--with-multisend', '--enable-shared=no', '--enable-static=yes']","defaultdict(<class 'dict'>, {'linux_nrnmech': 'no', 'use_pthread': 'no', 'CFLAGS': '""-O3 -fopenmp -DKPLUS -DKPLUS_GATHER_SCATTER -DKPLUS_SPAWN -DCLUSTER_USE_OMP""', 'CXXFLAGS': '""-O3 -fopenmp -DKPLUS -DKPLUS_GATHER_SCATTER -DKPLUS_SPAWN -DCLUSTER_USE_OMP""'})",1,28.0,16.0,../specials/x86_64/special -mpi,../hoc/bench_main.hoc,100.0,16.0,,{},13730,False,259.78815999999995,64.94703999999999
4,../nrn-7.2,../specials,"['--without-iv', '--without-x', '--without-nrnoc-x11', '--with-paranrn', '--with-mpi', '--with-multisend', '--enable-shared=no', '--enable-static=yes']","defaultdict(<class 'dict'>, {'linux_nrnmech': 'no', 'use_pthread': 'no', 'CFLAGS': '""-O3 -fopenmp -DKPLUS -DKPLUS_GATHER_SCATTER -DKPLUS_SPAWN -DCLUSTER_USE_OMP""', 'CXXFLAGS': '""-O3 -fopenmp -DKPLUS -DKPLUS_GATHER_SCATTER -DKPLUS_SPAWN -DCLUSTER_USE_OMP""'})",1,28.0,10.0,../specials/x86_64/special -mpi,../hoc/bench_main.hoc,100.0,16.0,,{},13688,False,146.19177000000002,36.547942500000005
5,../nrn-7.2,../specials,"['--without-iv', '--without-x', '--without-nrnoc-x11', '--with-paranrn', '--with-mpi', '--with-multisend', '--enable-shared=no', '--enable-static=yes']","defaultdict(<class 'dict'>, {'linux_nrnmech': 'no', 'use_pthread': 'no', 'CFLAGS': '""-O3 -fopenmp -DKPLUS -DKPLUS_GATHER_SCATTER -DKPLUS_SPAWN -DCLUSTER_USE_OMP""', 'CXXFLAGS': '""-O3 -fopenmp -DKPLUS -DKPLUS_GATHER_SCATTER -DKPLUS_SPAWN -DCLUSTER_USE_OMP""'})",1,28.0,12.0,../specials/x86_64/special -mpi,../hoc/bench_main.hoc,100.0,16.0,,{},13702,False,260.20174,65.050435
6,../nrn-7.2,../specials,"['--without-iv', '--without-x', '--without-nrnoc-x11', '--with-paranrn', '--with-mpi', '--with-multisend', '--enable-shared=no', '--enable-static=yes']","defaultdict(<class 'dict'>, {'linux_nrnmech': 'no', 'use_pthread': 'no', 'CFLAGS': '""-O3 -fopenmp -DKPLUS -DKPLUS_GATHER_SCATTER -DKPLUS_SPAWN -DCLUSTER_USE_OMP""', 'CXXFLAGS': '""-O3 -fopenmp -DKPLUS -DKPLUS_GATHER_SCATTER -DKPLUS_SPAWN -DCLUSTER_USE_OMP""'})",1,28.0,14.0,../specials/x86_64/special -mpi,../hoc/bench_main.hoc,100.0,16.0,,{},13716,False,148.93258,37.233145
7,../nrn-7.2,../specials,"['--without-iv', '--without-x', '--without-nrnoc-x11', '--with-paranrn', '--with-mpi', '--with-multisend', '--enable-shared=no', '--enable-static=yes']","defaultdict(<class 'dict'>, {'linux_nrnmech': 'no', 'use_pthread': 'no', 'CFLAGS': '""-O3 -fopenmp -DKPLUS -DKPLUS_GATHER_SCATTER -DKPLUS_SPAWN -DCLUSTER_USE_OMP""', 'CXXFLAGS': '""-O3 -fopenmp -DKPLUS -DKPLUS_GATHER_SCATTER -DKPLUS_SPAWN -DCLUSTER_USE_OMP""'})",1,26.0,4.0,../specials/x86_64/special -mpi,../hoc/bench_main.hoc,100.0,16.0,,{},13645,False,153.44398999999999,38.360997499999996
8,../nrn-7.2,../specials,"['--without-iv', '--without-x', '--without-nrnoc-x11', '--with-paranrn', '--with-mpi', '--with-multisend', '--enable-shared=no', '--enable-static=yes']","defaultdict(<class 'dict'>, {'linux_nrnmech': 'no', 'use_pthread': 'no', 'CFLAGS': '""-O3 -fopenmp -DKPLUS -DKPLUS_GATHER_SCATTER -DKPLUS_SPAWN -DCLUSTER_USE_OMP""', 'CXXFLAGS': '""-O3 -fopenmp -DKPLUS -DKPLUS_GATHER_SCATTER -DKPLUS_SPAWN -DCLUSTER_USE_OMP""'})",1,28.0,4.0,../specials/x86_64/special -mpi,../hoc/bench_main.hoc,100.0,16.0,,{},13534,True,255.25769000000003,63.814422500000006
9,../nrn-7.2,../specials,"['--without-iv', '--without-x', '--without-nrnoc-x11', '--with-paranrn', '--with-mpi', '--with-multisend', '--enable-shared=no', '--enable-static=yes']","defaultdict(<class 'dict'>, {'linux_nrnmech': 'no', 'use_pthread': 'no', 'CFLAGS': '""-O3 -fopenmp -DKPLUS -DKPLUS_GATHER_SCATTER -DKPLUS_SPAWN -DCLUSTER_USE_OMP""', 'CXXFLAGS': '""-O3 -fopenmp -DKPLUS -DKPLUS_GATHER_SCATTER -DKPLUS_SPAWN -DCLUSTER_USE_OMP""'})",1,22.0,4.0,../specials/x86_64/special -mpi,../hoc/bench_main.hoc,100.0,16.0,,{},13531,True,166.00719,41.5017975
10,../nrn-7.2,../specials,"['--without-iv', '--without-x', '--without-nrnoc-x11', '--with-paranrn', '--with-mpi', '--with-multisend', '--enable-shared=no', '--enable-static=yes']","defaultdict(<class 'dict'>, {'linux_nrnmech': 'no', 'use_pthread': 'no', 'CFLAGS': '""-O3 -fopenmp -DKPLUS -DKPLUS_GATHER_SCATTER -DKPLUS_SPAWN -DCLUSTER_USE_OMP""', 'CXXFLAGS': '""-O3 -fopenmp -DKPLUS -DKPLUS_GATHER_SCATTER -DKPLUS_SPAWN -DCLUSTER_USE_OMP""'})",1,24.0,10.0,../specials/x86_64/special -mpi,../hoc/bench_main.hoc,100.0,16.0,,{},13574,True,156.22478,39.056195
11,../nrn-7.2,../specials,"['--without-iv', '--without-x', '--without-nrnoc-x11', '--with-paranrn', '--with-mpi', '--with-multisend', '--enable-shared=no', '--enable-static=yes']","defaultdict(<class 'dict'>, {'linux_nrnmech': 'no', 'use_pthread': 'no', 'CFLAGS': '""-O3 -fopenmp -DKPLUS -DKPLUS_GATHER_SCATTER -DKPLUS_SPAWN -DCLUSTER_USE_OMP""', 'CXXFLAGS': '""-O3 -fopenmp -DKPLUS -DKPLUS_GATHER_SCATTER -DKPLUS_SPAWN -DCLUSTER_USE_OMP""'})",1,22.0,10.0,../specials/x86_64/special -mpi,../hoc/bench_main.hoc,100.0,16.0,,{},13685,False,186.04847,46.5121175
12,../nrn-7.2,../specials,"['--without-iv', '--without-x', '--without-nrnoc-x11', '--with-paranrn', '--with-mpi', '--with-multisend', '--enable-shared=no', '--enable-static=yes']","defaultdict(<class 'dict'>, {'linux_nrnmech': 'no', 'use_pthread': 'no', 'CFLAGS': '""-O3 -fopenmp -DKPLUS -DKPLUS_GATHER_SCATTER -DKPLUS_SPAWN -DCLUSTER_USE_OMP""', 'CXXFLAGS': '""-O3 -fopenmp -DKPLUS -DKPLUS_GATHER_SCATTER -DKPLUS_SPAWN -DCLUSTER_USE_OMP""'})",1,26.0,8.0,../specials/x86_64/special -mpi,../hoc/bench_main.hoc,100.0,16.0,,{},13561,True,139.78649000000001,34.946622500000004
13,../nrn-7.2,../specials,"['--without-iv', '--without-x', '--without-nrnoc-x11', '--with-paranrn', '--with-mpi', '--with-multisend', '--enable-shared=no', '--enable-static=yes']","defaultdict(<class 'dict'>, {'linux_nrnmech': 'no', 'use_pthread': 'no', 'CFLAGS': '""-O3 -fopenmp -DKPLUS -DKPLUS_GATHER_SCATTER -DKPLUS_SPAWN -DCLUSTER_USE_OMP""', 'CXXFLAGS': '""-O3 -fopenmp -DKPLUS -DKPLUS_GATHER_SCATTER -DKPLUS_SPAWN -DCLUSTER_USE_OMP""'})",1,20.0,6.0,../specials/x86_64/special -mpi,../hoc/bench_main.hoc,100.0,16.0,,{},13656,False,191.87949999999998,47.969874999999995
14,../nrn-7.2,../specials,"['--without-iv', '--without-x', '--without-nrnoc-x11', '--with-paranrn', '--with-mpi', '--with-multisend', '--enable-shared=no', '--enable-static=yes']","defaultdict(<class 'dict'>, {'linux_nrnmech': 'no', 'use_pthread': 'no', 'CFLAGS': '""-O3 -fopenmp -DKPLUS -DKPLUS_GATHER_SCATTER -DKPLUS_SPAWN -DCLUSTER_USE_OMP""', 'CXXFLAGS': '""-O3 -fopenmp -DKPLUS -DKPLUS_GATHER_SCATTER -DKPLUS_SPAWN -DCLUSTER_USE_OMP""'})",1,24.0,6.0,../specials/x86_64/special -mpi,../hoc/bench_main.hoc,100.0,16.0,,{},13546,True,157.20992999999999,39.302482499999996
15,../nrn-7.2,../specials,"['--without-iv', '--without-x', '--without-nrnoc-x11', '--with-paranrn', '--with-mpi', '--with-multisend', '--enable-shared=no', '--enable-static=yes']","defaultdict(<class 'dict'>, {'linux_nrnmech': 'no', 'use_pthread': 'no', 'CFLAGS': '""-O3 -fopenmp -DKPLUS -DKPLUS_GATHER_SCATTER -DKPLUS_SPAWN -DCLUSTER_USE_OMP""', 'CXXFLAGS': '""-O3 -fopenmp -DKPLUS -DKPLUS_GATHER_SCATTER -DKPLUS_SPAWN -DCLUSTER_USE_OMP""'})",1,28.0,8.0,../specials/x86_64/special -mpi,../hoc/bench_main.hoc,100.0,16.0,,{},13674,False,214.53743000000003,53.63435750000001
16,../nrn-7.2,../specials,"['--without-iv', '--without-x', '--without-nrnoc-x11', '--with-paranrn', '--with-mpi', '--with-multisend', '--enable-shared=no', '--enable-static=yes']","defaultdict(<class 'dict'>, {'linux_nrnmech': 'no', 'use_pthread': 'no', 'CFLAGS': '""-O3 -fopenmp -DKPLUS -DKPLUS_GATHER_SCATTER -DKPLUS_SPAWN -DCLUSTER_USE_OMP""', 'CXXFLAGS': '""-O3 -fopenmp -DKPLUS -DKPLUS_GATHER_SCATTER -DKPLUS_SPAWN -DCLUSTER_USE_OMP""'})",1,28.0,6.0,../specials/x86_64/special -mpi,../hoc/bench_main.hoc,100.0,16.0,,{},13548,True,174.99912999999998,43.749782499999995
17,../nrn-7.2,../specials,"['--without-iv', '--without-x', '--without-nrnoc-x11', '--with-paranrn', '--with-mpi', '--with-multisend', '--enable-shared=no', '--enable-static=yes']","defaultdict(<class 'dict'>, {'linux_nrnmech': 'no', 'use_pthread': 'no', 'CFLAGS': '""-O3 -fopenmp -DKPLUS -DKPLUS_GATHER_SCATTER -DKPLUS_SPAWN -DCLUSTER_USE_OMP""', 'CXXFLAGS': '""-O3 -fopenmp -DKPLUS -DKPLUS_GATHER_SCATTER -DKPLUS_SPAWN -DCLUSTER_USE_OMP""'})",1,28.0,6.0,../specials/x86_64/special -mpi,../hoc/bench_main.hoc,100.0,16.0,,{},13660,False,147.81004,36.95251
18,../nrn-7.2,../specials,"['--without-iv', '--without-x', '--without-nrnoc-x11', '--with-paranrn', '--with-mpi', '--with-multisend', '--enable-shared=no', '--enable-static=yes']","defaultdict(<class 'dict'>, {'linux_nrnmech': 'no', 'use_pthread': 'no', 'CFLAGS': '""-O3 -fopenmp -DKPLUS -DKPLUS_GATHER_SCATTER -DKPLUS_SPAWN -DCLUSTER_USE_OMP""', 'CXXFLAGS': '""-O3 -fopenmp -DKPLUS -DKPLUS_GATHER_SCATTER -DKPLUS_SPAWN -DCLUSTER_USE_OMP""'})",1,22.0,16.0,../specials/x86_64/special -mpi,../hoc/bench_main.hoc,100.0,16.0,,{},13615,True,188.83608000000004,47.20902000000001
19,../nrn-7.2,../specials,"['--without-iv', '--without-x', '--without-nrnoc-x11', '--with-paranrn', '--with-mpi', '--with-multisend', '--enable-shared=no', '--enable-static=yes']","defaultdict(<class 'dict'>, {'linux_nrnmech': 'no', 'use_pthread': 'no', 'CFLAGS': '""-O3 -fopenmp -DKPLUS -DKPLUS_GATHER_SCATTER -DKPLUS_SPAWN -DCLUSTER_USE_OMP""', 'CXXFLAGS': '""-O3 -fopenmp -DKPLUS -DKPLUS_GATHER_SCATTER -DKPLUS_SPAWN -DCLUSTER_USE_OMP""'})",1,22.0,8.0,../specials/x86_64/special -mpi,../hoc/bench_main.hoc,100.0,16.0,,{},13559,True,165.9428,41.4857
20,../nrn-7.2,../specials,"['--without-iv', '--without-x', '--without-nrnoc-x11', '--with-paranrn', '--with-mpi', '--with-multisend', '--enable-shared=no', '--enable-static=yes']","defaultdict(<class 'dict'>, {'linux_nrnmech': 'no', 'use_pthread': 'no', 'CFLAGS': '""-O3 -fopenmp -DKPLUS -DKPLUS_GATHER_SCATTER -DKPLUS_SPAWN -DCLUSTER_USE_OMP""', 'CXXFLAGS': '""-O3 -fopenmp -DKPLUS -DKPLUS_GATHER_SCATTER -DKPLUS_SPAWN -DCLUSTER_USE_OMP""'})",1,26.0,8.0,../specials/x86_64/special -mpi,../hoc/bench_main.hoc,100.0,16.0,,{},13673,False,175.56271999999998,43.890679999999996
21,../nrn-7.2,../specials,"['--without-iv', '--without-x', '--without-nrnoc-x11', '--with-paranrn', '--with-mpi', '--with-multisend', '--enable-shared=no', '--enable-static=yes']","defaultdict(<class 'dict'>, {'linux_nrnmech': 'no', 'use_pthread': 'no', 'CFLAGS': '""-O3 -fopenmp -DKPLUS -DKPLUS_GATHER_SCATTER -DKPLUS_SPAWN -DCLUSTER_USE_OMP""', 'CXXFLAGS': '""-O3 -fopenmp -DKPLUS -DKPLUS_GATHER_SCATTER -DKPLUS_SPAWN -DCLUSTER_USE_OMP""'})",1,24.0,16.0,../specials/x86_64/special -mpi,../hoc/bench_main.hoc,100.0,16.0,,{},13728,False,150.30202,37.575505
22,../nrn-7.2,../specials,"['--without-iv', '--without-x', '--without-nrnoc-x11', '--with-paranrn', '--with-mpi', '--with-multisend', '--enable-shared=no', '--enable-static=yes']","defaultdict(<class 'dict'>, {'linux_nrnmech': 'no', 'use_pthread': 'no', 'CFLAGS': '""-O3 -fopenmp -DKPLUS -DKPLUS_GATHER_SCATTER -DKPLUS_SPAWN -DCLUSTER_USE_OMP""', 'CXXFLAGS': '""-O3 -fopenmp -DKPLUS -DKPLUS_GATHER_SCATTER -DKPLUS_SPAWN -DCLUSTER_USE_OMP""'})",1,20.0,8.0,../specials/x86_64/special -mpi,../hoc/bench_main.hoc,100.0,16.0,,{},13670,False,193.23713,48.3092825
23,../nrn-7.2,../specials,"['--without-iv', '--without-x', '--without-nrnoc-x11', '--with-paranrn', '--with-mpi', '--with-multisend', '--enable-shared=no', '--enable-static=yes']","defaultdict(<class 'dict'>, {'linux_nrnmech': 'no', 'use_pthread': 'no', 'CFLAGS': '""-O3 -fopenmp -DKPLUS -DKPLUS_GATHER_SCATTER -DKPLUS_SPAWN -DCLUSTER_USE_OMP""', 'CXXFLAGS': '""-O3 -fopenmp -DKPLUS -DKPLUS_GATHER_SCATTER -DKPLUS_SPAWN -DCLUSTER_USE_OMP""'})",1,22.0,2.0,../specials/x86_64/special -mpi,../hoc/bench_main.hoc,100.0,16.0,,{},13517,True,190.67064,47.66766
24,../nrn-7.2,../specials,"['--without-iv', '--without-x', '--without-nrnoc-x11', '--with-paranrn', '--with-mpi', '--with-multisend', '--enable-shared=no', '--enable-static=yes']","defaultdict(<class 'dict'>, {'linux_nrnmech': 'no', 'use_pthread': 'no', 'CFLAGS': '""-O3 -fopenmp -DKPLUS -DKPLUS_GATHER_SCATTER -DKPLUS_SPAWN -DCLUSTER_USE_OMP""', 'CXXFLAGS': '""-O3 -fopenmp -DKPLUS -DKPLUS_GATHER_SCATTER -DKPLUS_SPAWN -DCLUSTER_USE_OMP""'})",1,22.0,4.0,../specials/x86_64/special -mpi,../hoc/bench_main.hoc,100.0,16.0,,{},13643,False,177.98246999999998,44.495617499999994
25,../nrn-7.2,../specials,"['--without-iv', '--without-x', '--without-nrnoc-x11', '--with-paranrn', '--with-mpi', '--with-multisend', '--enable-shared=no', '--enable-static=yes']","defaultdict(<class 'dict'>, {'linux_nrnmech': 'no', 'use_pthread': 'no', 'CFLAGS': '""-O3 -fopenmp -DKPLUS -DKPLUS_GATHER_SCATTER -DKPLUS_SPAWN -DCLUSTER_USE_OMP""', 'CXXFLAGS': '""-O3 -fopenmp -DKPLUS -DKPLUS_GATHER_SCATTER -DKPLUS_SPAWN -DCLUSTER_USE_OMP""'})",1,26.0,10.0,../specials/x86_64/special -mpi,../hoc/bench_main.hoc,100.0,16.0,,{},13687,False,163.17401999999998,40.793504999999996
26,../nrn-7.2,../specials,"['--without-iv', '--without-x', '--without-nrnoc-x11', '--with-paranrn', '--with-mpi', '--with-multisend', '--enable-shared=no', '--enable-static=yes']","defaultdict(<class 'dict'>, {'linux_nrnmech': 'no', 'use_pthread': 'no', 'CFLAGS': '""-O3 -fopenmp -DKPLUS -DKPLUS_GATHER_SCATTER -DKPLUS_SPAWN -DCLUSTER_USE_OMP""', 'CXXFLAGS': '""-O3 -fopenmp -DKPLUS -DKPLUS_GATHER_SCATTER -DKPLUS_SPAWN -DCLUSTER_USE_OMP""'})",1,20.0,2.0,../specials/x86_64/special -mpi,../hoc/bench_main.hoc,100.0,16.0,,{},13628,False,182.86622000000003,45.71655500000001
27,../nrn-7.2,../specials,"['--without-iv', '--without-x', '--without-nrnoc-x11', '--with-paranrn', '--with-mpi', '--with-multisend', '--enable-shared=no', '--enable-static=yes']","defaultdict(<class 'dict'>, {'linux_nrnmech': 'no', 'use_pthread': 'no', 'CFLAGS': '""-O3 -fopenmp -DKPLUS -DKPLUS_GATHER_SCATTER -DKPLUS_SPAWN -DCLUSTER_USE_OMP""', 'CXXFLAGS': '""-O3 -fopenmp -DKPLUS -DKPLUS_GATHER_SCATTER -DKPLUS_SPAWN -DCLUSTER_USE_OMP""'})",1,24.0,4.0,../specials/x86_64/special -mpi,../hoc/bench_main.hoc,100.0,16.0,,{},13532,True,193.80468000000002,48.451170000000005
28,../nrn-7.2,../specials,"['--without-iv', '--without-x', '--without-nrnoc-x11', '--with-paranrn', '--with-mpi', '--with-multisend', '--enable-shared=no', '--enable-static=yes']","defaultdict(<class 'dict'>, {'linux_nrnmech': 'no', 'use_pthread': 'no', 'CFLAGS': '""-O3 -fopenmp -DKPLUS -DKPLUS_GATHER_SCATTER -DKPLUS_SPAWN -DCLUSTER_USE_OMP""', 'CXXFLAGS': '""-O3 -fopenmp -DKPLUS -DKPLUS_GATHER_SCATTER -DKPLUS_SPAWN -DCLUSTER_USE_OMP""'})",1,22.0,12.0,../specials/x86_64/special -mpi,../hoc/bench_main.hoc,100.0,16.0,,{},13587,True,168.55474,42.138685
29,../nrn-7.2,../specials,"['--without-iv', '--without-x', '--without-nrnoc-x11', '--with-paranrn', '--with-mpi', '--with-multisend', '--enable-shared=no', '--enable-static=yes']","defaultdict(<class 'dict'>, {'linux_nrnmech': 'no', 'use_pthread': 'no', 'CFLAGS': '""-O3 -fopenmp -DKPLUS -DKPLUS_GATHER_SCATTER -DKPLUS_SPAWN -DCLUSTER_USE_OMP""', 'CXXFLAGS': '""-O3 -fopenmp -DKPLUS -DKPLUS_GATHER_SCATTER -DKPLUS_SPAWN -DCLUSTER_USE_OMP""'})",1,20.0,6.0,../specials/x86_64/special -mpi,../hoc/bench_main.hoc,100.0,16.0,,{},13544,True,200.55297000000002,50.138242500000004
30,../nrn-7.2,../specials,"['--without-iv', '--without-x', '--without-nrnoc-x11', '--with-paranrn', '--with-mpi', '--with-multisend', '--enable-shared=no', '--enable-static=yes']","defaultdict(<class 'dict'>, {'linux_nrnmech': 'no', 'use_pthread': 'no', 'CFLAGS': '""-O3 -fopenmp -DKPLUS -DKPLUS_GATHER_SCATTER -DKPLUS_SPAWN -DCLUSTER_USE_OMP""', 'CXXFLAGS': '""-O3 -fopenmp -DKPLUS -DKPLUS_GATHER_SCATTER -DKPLUS_SPAWN -DCLUSTER_USE_OMP""'})",1,28.0,8.0,../specials/x86_64/special -mpi,../hoc/bench_main.hoc,100.0,16.0,,{},13562,True,154.49219,38.6230475
31,../nrn-7.2,../specials,"['--without-iv', '--without-x', '--without-nrnoc-x11', '--with-paranrn', '--with-mpi', '--with-multisend', '--enable-shared=no', '--enable-static=yes']","defaultdict(<class 'dict'>, {'linux_nrnmech': 'no', 'use_pthread': 'no', 'CFLAGS': '""-O3 -fopenmp -DKPLUS -DKPLUS_GATHER_SCATTER -DKPLUS_SPAWN -DCLUSTER_USE_OMP""', 'CXXFLAGS': '""-O3 -fopenmp -DKPLUS -DKPLUS_GATHER_SCATTER -DKPLUS_SPAWN -DCLUSTER_USE_OMP""'})",1,20.0,10.0,../specials/x86_64/special -mpi,../hoc/bench_main.hoc,100.0,16.0,,{},13572,True,207.27622,51.819055
32,../nrn-7.2,../specials,"['--without-iv', '--without-x', '--without-nrnoc-x11', '--with-paranrn', '--with-mpi', '--with-multisend', '--enable-shared=no', '--enable-static=yes']","defaultdict(<class 'dict'>, {'linux_nrnmech': 'no', 'use_pthread': 'no', 'CFLAGS': '""-O3 -fopenmp -DKPLUS -DKPLUS_GATHER_SCATTER -DKPLUS_SPAWN -DCLUSTER_USE_OMP""', 'CXXFLAGS': '""-O3 -fopenmp -DKPLUS -DKPLUS_GATHER_SCATTER -DKPLUS_SPAWN -DCLUSTER_USE_OMP""'})",1,24.0,6.0,../specials/x86_64/special -mpi,../hoc/bench_main.hoc,100.0,16.0,,{},13658,False,172.34449,43.0861225
33,../nrn-7.2,../specials,"['--without-iv', '--without-x', '--without-nrnoc-x11', '--with-paranrn', '--with-mpi', '--with-multisend', '--enable-shared=no', '--enable-static=yes']","defaultdict(<class 'dict'>, {'linux_nrnmech': 'no', 'use_pthread': 'no', 'CFLAGS': '""-O3 -fopenmp -DKPLUS -DKPLUS_GATHER_SCATTER -DKPLUS_SPAWN -DCLUSTER_USE_OMP""', 'CXXFLAGS': '""-O3 -fopenmp -DKPLUS -DKPLUS_GATHER_SCATTER -DKPLUS_SPAWN -DCLUSTER_USE_OMP""'})",1,24.0,14.0,../specials/x86_64/special -mpi,../hoc/bench_main.hoc,100.0,16.0,,{},13714,False,192.94025000000002,48.235062500000005
34,../nrn-7.2,../specials,"['--without-iv', '--without-x', '--without-nrnoc-x11', '--with-paranrn', '--with-mpi', '--with-multisend', '--enable-shared=no', '--enable-static=yes']","defaultdict(<class 'dict'>, {'linux_nrnmech': 'no', 'use_pthread': 'no', 'CFLAGS': '""-O3 -fopenmp -DKPLUS -DKPLUS_GATHER_SCATTER -DKPLUS_SPAWN -DCLUSTER_USE_OMP""', 'CXXFLAGS': '""-O3 -fopenmp -DKPLUS -DKPLUS_GATHER_SCATTER -DKPLUS_SPAWN -DCLUSTER_USE_OMP""'})",1,20.0,2.0,../specials/x86_64/special -mpi,../hoc/bench_main.hoc,100.0,16.0,,{},13516,True,190.79349000000002,47.698372500000005
35,../nrn-7.2,../specials,"['--without-iv', '--without-x', '--without-nrnoc-x11', '--with-paranrn', '--with-mpi', '--with-multisend', '--enable-shared=no', '--enable-static=yes']","defaultdict(<class 'dict'>, {'linux_nrnmech': 'no', 'use_pthread': 'no', 'CFLAGS': '""-O3 -fopenmp -DKPLUS -DKPLUS_GATHER_SCATTER -DKPLUS_SPAWN -DCLUSTER_USE_OMP""', 'CXXFLAGS': '""-O3 -fopenmp -DKPLUS -DKPLUS_GATHER_SCATTER -DKPLUS_SPAWN -DCLUSTER_USE_OMP""'})",1,18.0,6.0,../specials/x86_64/special -mpi,../hoc/bench_main.hoc,100.0,16.0,,{},13543,True,212.02084,53.00521
36,../nrn-7.2,../specials,"['--without-iv', '--without-x', '--without-nrnoc-x11', '--with-paranrn', '--with-mpi', '--with-multisend', '--enable-shared=no', '--enable-static=yes']","defaultdict(<class 'dict'>, {'linux_nrnmech': 'no', 'use_pthread': 'no', 'CFLAGS': '""-O3 -fopenmp -DKPLUS -DKPLUS_GATHER_SCATTER -DKPLUS_SPAWN -DCLUSTER_USE_OMP""', 'CXXFLAGS': '""-O3 -fopenmp -DKPLUS -DKPLUS_GATHER_SCATTER -DKPLUS_SPAWN -DCLUSTER_USE_OMP""'})",1,28.0,2.0,../specials/x86_64/special -mpi,../hoc/bench_main.hoc,100.0,16.0,,{},13520,True,182.15078,45.537695
37,../nrn-7.2,../specials,"['--without-iv', '--without-x', '--without-nrnoc-x11', '--with-paranrn', '--with-mpi', '--with-multisend', '--enable-shared=no', '--enable-static=yes']","defaultdict(<class 'dict'>, {'linux_nrnmech': 'no', 'use_pthread': 'no', 'CFLAGS': '""-O3 -fopenmp -DKPLUS -DKPLUS_GATHER_SCATTER -DKPLUS_SPAWN -DCLUSTER_USE_OMP""', 'CXXFLAGS': '""-O3 -fopenmp -DKPLUS -DKPLUS_GATHER_SCATTER -DKPLUS_SPAWN -DCLUSTER_USE_OMP""'})",1,28.0,10.0,../specials/x86_64/special -mpi,../hoc/bench_main.hoc,100.0,16.0,,{},13576,True,149.90152,37.47538
38,../nrn-7.2,../specials,"['--without-iv', '--without-x', '--without-nrnoc-x11', '--with-paranrn', '--with-mpi', '--with-multisend', '--enable-shared=no', '--enable-static=yes']","defaultdict(<class 'dict'>, {'linux_nrnmech': 'no', 'use_pthread': 'no', 'CFLAGS': '""-O3 -fopenmp -DKPLUS -DKPLUS_GATHER_SCATTER -DKPLUS_SPAWN -DCLUSTER_USE_OMP""', 'CXXFLAGS': '""-O3 -fopenmp -DKPLUS -DKPLUS_GATHER_SCATTER -DKPLUS_SPAWN -DCLUSTER_USE_OMP""'})",1,28.0,2.0,../specials/x86_64/special -mpi,../hoc/bench_main.hoc,100.0,16.0,,{},13632,False,263.52121,65.8803025
39,../nrn-7.2,../specials,"['--without-iv', '--without-x', '--without-nrnoc-x11', '--with-paranrn', '--with-mpi', '--with-multisend', '--enable-shared=no', '--enable-static=yes']","defaultdict(<class 'dict'>, {'linux_nrnmech': 'no', 'use_pthread': 'no', 'CFLAGS': '""-O3 -fopenmp -DKPLUS -DKPLUS_GATHER_SCATTER -DKPLUS_SPAWN -DCLUSTER_USE_OMP""', 'CXXFLAGS': '""-O3 -fopenmp -DKPLUS -DKPLUS_GATHER_SCATTER -DKPLUS_SPAWN -DCLUSTER_USE_OMP""'})",1,28.0,4.0,../specials/x86_64/special -mpi,../hoc/bench_main.hoc,100.0,16.0,,{},13646,False,151.31782,37.829455
40,../nrn-7.2,../specials,"['--without-iv', '--without-x', '--without-nrnoc-x11', '--with-paranrn', '--with-mpi', '--with-multisend', '--enable-shared=no', '--enable-static=yes']","defaultdict(<class 'dict'>, {'linux_nrnmech': 'no', 'use_pthread': 'no', 'CFLAGS': '""-O3 -fopenmp -DKPLUS -DKPLUS_GATHER_SCATTER -DKPLUS_SPAWN -DCLUSTER_USE_OMP""', 'CXXFLAGS': '""-O3 -fopenmp -DKPLUS -DKPLUS_GATHER_SCATTER -DKPLUS_SPAWN -DCLUSTER_USE_OMP""'})",1,20.0,16.0,../specials/x86_64/special -mpi,../hoc/bench_main.hoc,100.0,16.0,,{},13726,False,189.90362,47.475905
41,../nrn-7.2,../specials,"['--without-iv', '--without-x', '--without-nrnoc-x11', '--with-paranrn', '--with-mpi', '--with-multisend', '--enable-shared=no', '--enable-static=yes']","defaultdict(<class 'dict'>, {'linux_nrnmech': 'no', 'use_pthread': 'no', 'CFLAGS': '""-O3 -fopenmp -DKPLUS -DKPLUS_GATHER_SCATTER -DKPLUS_SPAWN -DCLUSTER_USE_OMP""', 'CXXFLAGS': '""-O3 -fopenmp -DKPLUS -DKPLUS_GATHER_SCATTER -DKPLUS_SPAWN -DCLUSTER_USE_OMP""'})",1,18.0,8.0,../specials/x86_64/special -mpi,../hoc/bench_main.hoc,100.0,16.0,,{},13557,True,214.37657,53.5941425
42,../nrn-7.2,../specials,"['--without-iv', '--without-x', '--without-nrnoc-x11', '--with-paranrn', '--with-mpi', '--with-multisend', '--enable-shared=no', '--enable-static=yes']","defaultdict(<class 'dict'>, {'linux_nrnmech': 'no', 'use_pthread': 'no', 'CFLAGS': '""-O3 -fopenmp -DKPLUS -DKPLUS_GATHER_SCATTER -DKPLUS_SPAWN -DCLUSTER_USE_OMP""', 'CXXFLAGS': '""-O3 -fopenmp -DKPLUS -DKPLUS_GATHER_SCATTER -DKPLUS_SPAWN -DCLUSTER_USE_OMP""'})",1,22.0,14.0,../specials/x86_64/special -mpi,../hoc/bench_main.hoc,100.0,16.0,,{},13601,True,172.73952,43.18488
43,../nrn-7.2,../specials,"['--without-iv', '--without-x', '--without-nrnoc-x11', '--with-paranrn', '--with-mpi', '--with-multisend', '--enable-shared=no', '--enable-static=yes']","defaultdict(<class 'dict'>, {'linux_nrnmech': 'no', 'use_pthread': 'no', 'CFLAGS': '""-O3 -fopenmp -DKPLUS -DKPLUS_GATHER_SCATTER -DKPLUS_SPAWN -DCLUSTER_USE_OMP""', 'CXXFLAGS': '""-O3 -fopenmp -DKPLUS -DKPLUS_GATHER_SCATTER -DKPLUS_SPAWN -DCLUSTER_USE_OMP""'})",1,18.0,6.0,../specials/x86_64/special -mpi,../hoc/bench_main.hoc,100.0,16.0,,{},13655,False,207.14816,51.78704
44,../nrn-7.2,../specials,"['--without-iv', '--without-x', '--without-nrnoc-x11', '--with-paranrn', '--with-mpi', '--with-multisend', '--enable-shared=no', '--enable-static=yes']","defaultdict(<class 'dict'>, {'linux_nrnmech': 'no', 'use_pthread': 'no', 'CFLAGS': '""-O3 -fopenmp -DKPLUS -DKPLUS_GATHER_SCATTER -DKPLUS_SPAWN -DCLUSTER_USE_OMP""', 'CXXFLAGS': '""-O3 -fopenmp -DKPLUS -DKPLUS_GATHER_SCATTER -DKPLUS_SPAWN -DCLUSTER_USE_OMP""'})",1,18.0,10.0,../specials/x86_64/special -mpi,../hoc/bench_main.hoc,100.0,16.0,,{},13683,False,201.39237999999997,50.348094999999994
45,../nrn-7.2,../specials,"['--without-iv', '--without-x', '--without-nrnoc-x11', '--with-paranrn', '--with-mpi', '--with-multisend', '--enable-shared=no', '--enable-static=yes']","defaultdict(<class 'dict'>, {'linux_nrnmech': 'no', 'use_pthread': 'no', 'CFLAGS': '""-O3 -fopenmp -DKPLUS -DKPLUS_GATHER_SCATTER -DKPLUS_SPAWN -DCLUSTER_USE_OMP""', 'CXXFLAGS': '""-O3 -fopenmp -DKPLUS -DKPLUS_GATHER_SCATTER -DKPLUS_SPAWN -DCLUSTER_USE_OMP""'})",1,20.0,14.0,../specials/x86_64/special -mpi,../hoc/bench_main.hoc,100.0,16.0,,{},13712,False,195.0888,48.7722
46,../nrn-7.2,../specials,"['--without-iv', '--without-x', '--without-nrnoc-x11', '--with-paranrn', '--with-mpi', '--with-multisend', '--enable-shared=no', '--enable-static=yes']","defaultdict(<class 'dict'>, {'linux_nrnmech': 'no', 'use_pthread': 'no', 'CFLAGS': '""-O3 -fopenmp -DKPLUS -DKPLUS_GATHER_SCATTER -DKPLUS_SPAWN -DCLUSTER_USE_OMP""', 'CXXFLAGS': '""-O3 -fopenmp -DKPLUS -DKPLUS_GATHER_SCATTER -DKPLUS_SPAWN -DCLUSTER_USE_OMP""'})",1,20.0,12.0,../specials/x86_64/special -mpi,../hoc/bench_main.hoc,100.0,16.0,,{},13698,False,183.52728,45.88182
47,../nrn-7.2,../specials,"['--without-iv', '--without-x', '--without-nrnoc-x11', '--with-paranrn', '--with-mpi', '--with-multisend', '--enable-shared=no', '--enable-static=yes']","defaultdict(<class 'dict'>, {'linux_nrnmech': 'no', 'use_pthread': 'no', 'CFLAGS': '""-O3 -fopenmp -DKPLUS -DKPLUS_GATHER_SCATTER -DKPLUS_SPAWN -DCLUSTER_USE_OMP""', 'CXXFLAGS': '""-O3 -fopenmp -DKPLUS -DKPLUS_GATHER_SCATTER -DKPLUS_SPAWN -DCLUSTER_USE_OMP""'})",1,24.0,8.0,../specials/x86_64/special -mpi,../hoc/bench_main.hoc,100.0,16.0,,{},13560,True,197.3836,49.3459
48,../nrn-7.2,../specials,"['--without-iv', '--without-x', '--without-nrnoc-x11', '--with-paranrn', '--with-mpi', '--with-multisend', '--enable-shared=no', '--enable-static=yes']","defaultdict(<class 'dict'>, {'linux_nrnmech': 'no', 'use_pthread': 'no', 'CFLAGS': '""-O3 -fopenmp -DKPLUS -DKPLUS_GATHER_SCATTER -DKPLUS_SPAWN -DCLUSTER_USE_OMP""', 'CXXFLAGS': '""-O3 -fopenmp -DKPLUS -DKPLUS_GATHER_SCATTER -DKPLUS_SPAWN -DCLUSTER_USE_OMP""'})",1,22.0,16.0,../specials/x86_64/special -mpi,../hoc/bench_main.hoc,100.0,16.0,,{},13727,False,172.25995,43.0649875
49,../nrn-7.2,../specials,"['--without-iv', '--without-x', '--without-nrnoc-x11', '--with-paranrn', '--with-mpi', '--with-multisend', '--enable-shared=no', '--enable-static=yes']","defaultdict(<class 'dict'>, {'linux_nrnmech': 'no', 'use_pthread': 'no', 'CFLAGS': '""-O3 -fopenmp -DKPLUS -DKPLUS_GATHER_SCATTER -DKPLUS_SPAWN -DCLUSTER_USE_OMP""', 'CXXFLAGS': '""-O3 -fopenmp -DKPLUS -DKPLUS_GATHER_SCATTER -DKPLUS_SPAWN -DCLUSTER_USE_OMP""'})",1,26.0,16.0,../specials/x86_64/special -mpi,../hoc/bench_main.hoc,100.0,16.0,,{},13617,True,170.5577,42.639425
50,../nrn-7.2,../specials,"['--without-iv', '--without-x', '--without-nrnoc-x11', '--with-paranrn', '--with-mpi', '--with-multisend', '--enable-shared=no', '--enable-static=yes']","defaultdict(<class 'dict'>, {'linux_nrnmech': 'no', 'use_pthread': 'no', 'CFLAGS': '""-O3 -fopenmp -DKPLUS -DKPLUS_GATHER_SCATTER -DKPLUS_SPAWN -DCLUSTER_USE_OMP""', 'CXXFLAGS': '""-O3 -fopenmp -DKPLUS -DKPLUS_GATHER_SCATTER -DKPLUS_SPAWN -DCLUSTER_USE_OMP""'})",1,24.0,16.0,../specials/x86_64/special -mpi,../hoc/bench_main.hoc,100.0,16.0,,{},13616,True,172.28827,43.0720675
51,../nrn-7.2,../specials,"['--without-iv', '--without-x', '--without-nrnoc-x11', '--with-paranrn', '--with-mpi', '--with-multisend', '--enable-shared=no', '--enable-static=yes']","defaultdict(<class 'dict'>, {'linux_nrnmech': 'no', 'use_pthread': 'no', 'CFLAGS': '""-O3 -fopenmp -DKPLUS -DKPLUS_GATHER_SCATTER -DKPLUS_SPAWN -DCLUSTER_USE_OMP""', 'CXXFLAGS': '""-O3 -fopenmp -DKPLUS -DKPLUS_GATHER_SCATTER -DKPLUS_SPAWN -DCLUSTER_USE_OMP""'})",1,24.0,10.0,../specials/x86_64/special -mpi,../hoc/bench_main.hoc,100.0,16.0,,{},13686,False,193.74360000000001,48.435900000000004
52,../nrn-7.2,../specials,"['--without-iv', '--without-x', '--without-nrnoc-x11', '--with-paranrn', '--with-mpi', '--with-multisend', '--enable-shared=no', '--enable-static=yes']","defaultdict(<class 'dict'>, {'linux_nrnmech': 'no', 'use_pthread': 'no', 'CFLAGS': '""-O3 -fopenmp -DKPLUS -DKPLUS_GATHER_SCATTER -DKPLUS_SPAWN -DCLUSTER_USE_OMP""', 'CXXFLAGS': '""-O3 -fopenmp -DKPLUS -DKPLUS_GATHER_SCATTER -DKPLUS_SPAWN -DCLUSTER_USE_OMP""'})",1,18.0,16.0,../specials/x86_64/special -mpi,../hoc/bench_main.hoc,100.0,16.0,,{},13725,False,207.64602000000002,51.911505000000005
53,../nrn-7.2,../specials,"['--without-iv', '--without-x', '--without-nrnoc-x11', '--with-paranrn', '--with-mpi', '--with-multisend', '--enable-shared=no', '--enable-static=yes']","defaultdict(<class 'dict'>, {'linux_nrnmech': 'no', 'use_pthread': 'no', 'CFLAGS': '""-O3 -fopenmp -DKPLUS -DKPLUS_GATHER_SCATTER -DKPLUS_SPAWN -DCLUSTER_USE_OMP""', 'CXXFLAGS': '""-O3 -fopenmp -DKPLUS -DKPLUS_GATHER_SCATTER -DKPLUS_SPAWN -DCLUSTER_USE_OMP""'})",1,22.0,6.0,../specials/x86_64/special -mpi,../hoc/bench_main.hoc,100.0,16.0,,{},13545,True,197.92994000000002,49.482485000000004
54,../nrn-7.2,../specials,"['--without-iv', '--without-x', '--without-nrnoc-x11', '--with-paranrn', '--with-mpi', '--with-multisend', '--enable-shared=no', '--enable-static=yes']","defaultdict(<class 'dict'>, {'linux_nrnmech': 'no', 'use_pthread': 'no', 'CFLAGS': '""-O3 -fopenmp -DKPLUS -DKPLUS_GATHER_SCATTER -DKPLUS_SPAWN -DCLUSTER_USE_OMP""', 'CXXFLAGS': '""-O3 -fopenmp -DKPLUS -DKPLUS_GATHER_SCATTER -DKPLUS_SPAWN -DCLUSTER_USE_OMP""'})",1,22.0,14.0,../specials/x86_64/special -mpi,../hoc/bench_main.hoc,100.0,16.0,,{},13713,False,168.90136,42.22534
55,../nrn-7.2,../specials,"['--without-iv', '--without-x', '--without-nrnoc-x11', '--with-paranrn', '--with-mpi', '--with-multisend', '--enable-shared=no', '--enable-static=yes']","defaultdict(<class 'dict'>, {'linux_nrnmech': 'no', 'use_pthread': 'no', 'CFLAGS': '""-O3 -fopenmp -DKPLUS -DKPLUS_GATHER_SCATTER -DKPLUS_SPAWN -DCLUSTER_USE_OMP""', 'CXXFLAGS': '""-O3 -fopenmp -DKPLUS -DKPLUS_GATHER_SCATTER -DKPLUS_SPAWN -DCLUSTER_USE_OMP""'})",1,20.0,12.0,../specials/x86_64/special -mpi,../hoc/bench_main.hoc,100.0,16.0,,{},13586,True,201.65197,50.4129925
